#ENDOFHEADER,,,,,,,,,,,,,,,,,,,,
,,,,,,,,,,,,,,,,,,,,
,,,,,,,,,,,,,,,,,,,,
,,,,,,,,,,,,,,,,,,,,
//[透過色],R,G,B,,,,,,,,,,,,,,,,,
#TRANSCOLOR,0,255,0,,,,,,,,,,,,,,,,,
,,,,,,,,,,,,,,,,,,,,
,,,,,,,,,,,,,,,,,,,,
,,,,,,,,,,,,,,,,,,,,
//[入力開始時間],,,,,,,,,,,,,,,,,,,,
#STARTINPUT,930,,,,,,,,,,,,,,,,,,,
,,,,,,,,,,,,,,,,,,,,
//[フェードアウト],,,,,,,,,,,,,,,,,,,,
//キーコンフィグ、その他決定以外のシーン移動用,,,,,,,,,,,,,,,,,,,,
#FADEOUT,500,,,,,,,,,,,,,,,,,,,
,,,,,,,,,,,,,,,,,,,,
,,,,,,,,,,,,,,,,,,,,
//[画像定義],,,,,,,,,,,,,,,,,,,,
,,,,,,,,,,,,,,,,,,,,
#IMAGE,LR2files\Theme\20th tricoro for HD\Select\Parts\0_mselect.png,,,,,,,,0,,,,,,,,,,,
#IMAGE,LR2files\Theme\20th tricoro for HD\SkinSelect\parts.png,,,,,,,,1,,,,,,,,,,,
#IMAGE,LR2files\Theme\20th tricoro for HD\Select\Parts\2_decide.png,,,,,,,,2,,,,,,,,,,,
,,,,,,,,,,,,,,,,,,,,
,,,,,,,,,,,,,,,,,,,,
,,,,,,,,,,,,,,,,,,,,
,,,,,,,,,,,,,,,,,,,,
#IMAGE,LR2files\Theme\20th tricoro for HD\Select\Parts\Default.avi,,,,,,,,3,,,,,,,,,,,
,,,,,,,,,,,,,,,,,,,,
,,,,,,,,,,,,,,,,,,,,
#IMAGE,dummy,,,,,,,,4,,,,,,,,,,,
#IMAGE,dummy,,,,,,,,5,,,,,,,,,,,
#IMAGE,dummy,,,,,,,,6,,,,,,,,,,,
#IMAGE,dummy,,,,,,,,7,,,,,,,,,,,
#IMAGE,dummy,,,,,,,,8,,,,,,,,,,,
,,,,,,,,,,,,,,,,,,,,
#IF,965,,,,,,,,,,,,,,,,,,,
#IMAGE,LR2files\Theme\20th tricoro for HD\Select\Parts\Event\OFF.png,,,,,,,,9,,,,,,,,,,,
#ELSEIF,966,,,,,,,,,,,,,,,,,,,
#IMAGE,LR2files\Theme\20th tricoro for HD\Select\Parts\Event\RED.png,,,,,,,,9,,,,,,,,,,,
#ELSEIF,967,,,,,,,,,,,,,,,,,,,
#IMAGE,LR2files\Theme\20th tricoro for HD\Select\Parts\Event\BLUE.png,,,,,,,,9,,,,,,,,,,,
#ELSEIF,968,,,,,,,,,,,,,,,,,,,
#IMAGE,LR2files\Theme\20th tricoro for HD\Select\Parts\Event\YELLOW.png,,,,,,,,9,,,,,,,,,,,
#ENDIF,,,,,,,,,,,,,,,,,,,,
,,,,,,,,,,,,,,,,,,,,
#IMAGE,LR2files\Theme\20th tricoro for HD\Select\Parts\animation.png,,,,,,,,10,,,,,,,,,,,
,,,,,,,,,,,,,,,,,,,,
#LR2FONT,LR2files\Theme\20th tricoro for HD\Font\SkinSelect\title\font.lr2font,,,,,,,,0,,,,,,,,,,,
#LR2FONT,LR2files\Theme\20th tricoro for HD\Font\SkinSelect\author\font.lr2font,,,,,,,,1,,,,,,,,,,,
#LR2FONT,LR2files\Theme\20th tricoro for HD\Font\SkinSelect\custom\font.lr2font,,,,,,,,2,,,,,,,,,,,
,,,,,,,,,,,,,,,,,,,,
#FONT,18,0,3,,,,,,0,,,,,,,,,,,
#FONT,18,0,3,,,,,,1,,,,,,,,,,,
#FONT,15,0,3,,,,,,2,,,,,,,,,,,
,,,,,,,,,,,,,,,,,,,,
//div_x/div_y/cycle:div_xとdiv_yは画像のxyの分割数、cycleは分割された画像のアニメーション周期。,,,,,,,,,,,,,,,,,,,,
//timer:cycleの依存するタイマー。番号は同梱のテキストを参照して下さい。,,,,,,,,,,,,,,,,,,,,
//op1-3:予約,,,,,,,,,,,,,,,,,,,,
,,,,,,,,,,,,,,,,,,,,
//[画像配置],,,,,,,,,,,,,,,,,,,,
//#DST,,,,,,,,,,,,,,,,,,,,
//time:ms単位の時間軸。#DST間を自動的にアニメーションするようにします。依存するタイマーは、timer項目で定義して下さい。,,,,,,,,,,,,,,,,,,,,
//xywh:表示する画像のxywh,,,,,,,,,,,,,,,,,,,,
//acc:アニメーションのタイプ。0:等速 1:加速 2:減速 3:不連続,,,,,,,,,,,,,,,,,,,,
//a:ブレンドのパラメータ(0-255),,,,,,,,,,,,,,,,,,,,
//rgb:描画輝度(0-255),,,,,,,,,,,,,,,,,,,,
//blend:ブレンドタイプ。パラメータはa。割と重い処理なので注意。 0:無し 1:アルファ 2:加算描画 3:減算描画,,,,,,,,,,,,,,,,,,,,
//filter:拡大縮小時しない場合はただ画像がぼやけるだけです。 0:無し 1:有り,,,,,,,,,,,,,,,,,,,,
//angle:画像の傾き。回転中心はcenterで。360で一周です。,,,,,,,,,,,,,,,,,,,,
//center:画像の回転中心。テンキーの位置に対応(3なら画像右下等)。デフォルトは画像中央です。,,,,,,,,,,,,,,,,,,,,
//loop:ループ開始時間。-1にすると画像は一通りアニメーションを終えた後消滅します。初回のみ記述。,,,,,,,,,,,,,,,,,,,,
//timer:依存するタイマー。番号は同梱のテキストは参考にして下さい。初回のみ記述。,,,,,,,,,,,,,,,,,,,,
//op1画像の出現条件,,,,,,,,,,,,,,,,,,,,
//op2:画像出現条件。番号は同梱のテキストは参考にして下さい。op1かつop2です。初回のみ記述。,,,,,,,,,,,,,,,,,,,,
//op3:画像の追加オプション。番号は同梱のテキストは参考にして下さい。初回のみ記述。,,,,,,,,,,,,,,,,,,,,
,,,,,,,,,,,,,,,,,,,,
///////////////////////////////////////////////////////////////////////////////////////////////////////////////////////////////////////////,,,,,,,,,,,,,,,,,,,,
//デフォルトＢＧＡ,,,,,,,,,,,,,,,,,,,,
//Default,,,,,,,,,,,,,,,,,,,,
//SRC定義,(NULL),gr,x,y,w,h,div_x,div_y,cycle,timer,op1,op2,op3,,,,,,,
#SRC_IMAGE,0,3,0,0,-1,-1,1,1,0,0,0,0,0,,,,,,,
//DST定義,(NULL),time,x,y,w,h,acc,a,r,g,b,blend,filter,angle,center,loop,timer,op1,op2,op3
#DST_IMAGE,0,0,0,0,1280,720,0,255,255,255,255,0,0,0,0,0,0,0,0,0
,,,,,,,,,,,,,,,,,,,,
////////////////////////////////////////////////////,,,,,,,,,,,,,,,,,,,,
,,,,,,,,,,,,,,,,,,,,
//THUMBNAIL SLOT,,,,,,,,,,,,,,,,,,,,
//SRC定義,(NULL),gr,x,y,w,h,div_x,div_y,cycle,timer,,,,,,,,,,
#SRC_IMAGE,0,1,0,825,640,360,1,1,0,0,,,,,,,,,,
//DST定義,(NULL),time,x,y,w,h,acc,a,r,g,b,blend,filter,angle,center,loop,timer,op1,op2,op3
#DST_IMAGE,0,0,74,172,640,360,0,255,255,255,255,1,0,0,0,0,0,0,0,0
,,,,,,,,,,,,,,,,,,,,
//THUMBNAIL,,,,,,,,,,,,,,,,,,,,
//SRC定義,(NULL),gr,x,y,w,h,div_x,div_y,cycle,timer,,,,,,,,,,
#SRC_IMAGE,0,105,0,0,1280,720,1,1,0,0,,,,,,,,,,
//DST定義,(NULL),time,x,y,w,h,acc,a,r,g,b,blend,filter,angle,center,loop,timer,op1,op2,op3
#DST_IMAGE,0,0,74,172,640,360,0,255,255,255,255,1,1,0,0,0,0,0,0,0
,,,,,,,,,,,,,,,,,,,,
//CUSTOMIZATIONS PANEL,,,,,,,,,,,,,,,,,,,,
//SRC定義,(NULL),gr,x,y,w,h,div_x,div_y,cycle,timer,,,,,,,,,,
#SRC_IMAGE,0,1,660,910,645,105,1,1,0,0,,,,,,,,,,
//DST定義,(NULL),time,x,y,w,h,acc,192,r,g,b,blend,filter,angle,center,loop,timer,op1,op2,op3
#DST_IMAGE,0,1000,72,725,645,105,2,255,255,255,255,1,0,0,0,2000,0,0,0,0
#DST_IMAGE,0,2000,72,538,645,105,2,255,255,255,255,1,0,0,0,,,,,
,,,,,,,,,,,,,,,,,,,,
//CUSTOMIZATIONS SLIDER,,,,,,,,,,,,,,,,,,,,
//SRC定義,(NULL),gr,x,y,w,h,div_x,div_y,cycle,timer,muki,range,type,disable,,,,,,
#SRC_SLIDER,0,1,1310,910,22,24,1,1,0,0,2,66,7,0,,,,,,
//DST定義,(NULL),time,x,y,w,h,acc,a,r,g,b,blend,filter,angle,center,loop,timer,op1,op2,op3
#DST_SLIDER,0,1000,702,738,22,24,2,255,255,255,255,1,0,0,0,2000,0,0,0,0
#DST_SLIDER,0,2000,702,551,22,24,2,255,255,255,255,1,0,0,0,,,,,
,,,,,,,,,,,,,,,,,,,,
//CUSTOMIZATIONS SLIDER GLOW,,,,,,,,,,,,,,,,,,,,
//SRC定義,(NULL),gr,x,y,w,h,div_x,div_y,cycle,timer,muki,range,type,disable,,,,,,
#SRC_SLIDER,0,1,1310,910,22,24,1,1,0,0,2,66,7,1,,,,,,
//DST定義,(NULL),time,x,y,w,h,acc,a,r,g,b,blend,filter,angle,center,loop,timer,op1,op2,op3
#DST_SLIDER,0,1000,702,738,22,24,2,0,255,255,255,2,0,0,0,2000,0,0,0,0
#DST_SLIDER,0,2000,702,551,22,24,0,0,255,255,255,2,0,0,0,,,,,
#DST_SLIDER,0,4000,702,551,22,24,0,128,255,255,255,2,0,0,0,,,,,
#DST_SLIDER,0,6000,702,551,22,24,0,0,255,255,255,2,0,0,0,,,,,
,,,,,,,,,,,,,,,,,,,,
//CUSTOMIZE CATEGORY 1,,,,,,,,,,,,,,,,,,,,
//SRC定義,(NULL),font,st,align,edit,panel,,,,,,,,,,,,,,
#SRC_TEXT,0,2,100,0,0,0,,,,,,,,,,,,,,
//DST定義,(NULL),time,x,y,w,h,acc,a,r,g,b,blend,filter,angle,center,loop,timer,op1,op2,op3
#DST_TEXT,0,1000,81,744,120,22,2,255,255,255,255,1,1,0,0,2000,0,0,0,0
#DST_TEXT,0,2000,81,557,120,22,2,255,255,255,255,1,1,0,0,,,,,
,,,,,,,,,,,,,,,,,,,,
//CUSTOMIZE CATEGORY 2,,,,,,,,,,,,,,,,,,,,
//SRC定義,(NULL),font,st,align,edit,panel,,,,,,,,,,,,,,
#SRC_TEXT,0,2,101,0,0,0,,,,,,,,,,,,,,
//DST定義,(NULL),time,x,y,w,h,acc,a,r,g,b,blend,filter,angle,center,loop,timer,op1,op2,op3
#DST_TEXT,0,1000,399,744,120,22,2,255,255,255,255,1,1,0,0,2000,0,0,0,0
#DST_TEXT,0,2000,399,557,120,22,2,255,255,255,255,1,1,0,0,,,,,
,,,,,,,,,,,,,,,,,,,,
//CUSTOMIZE CATEGORY 3,,,,,,,,,,,,,,,,,,,,
//SRC定義,(NULL),font,st,align,edit,panel,,,,,,,,,,,,,,
#SRC_TEXT,0,2,102,0,0,0,,,,,,,,,,,,,,
//DST定義,(NULL),time,x,y,w,h,acc,a,r,g,b,blend,filter,angle,center,loop,timer,op1,op2,op3
#DST_TEXT,0,1000,81,762,120,22,2,255,255,255,255,1,1,0,0,2000,0,0,0,0
#DST_TEXT,0,2000,81,575,120,22,2,255,255,255,255,1,1,0,0,,,,,
,,,,,,,,,,,,,,,,,,,,
//CUSTOMIZE CATEGORY 4,,,,,,,,,,,,,,,,,,,,
//SRC定義,(NULL),font,st,align,edit,panel,,,,,,,,,,,,,,
#SRC_TEXT,0,2,103,0,0,0,,,,,,,,,,,,,,
//DST定義,(NULL),time,x,y,w,h,acc,a,r,g,b,blend,filter,angle,center,loop,timer,op1,op2,op3
#DST_TEXT,0,1000,399,762,120,22,2,255,255,255,255,1,1,0,0,2000,0,0,0,0
#DST_TEXT,0,2000,399,575,120,22,2,255,255,255,255,1,1,0,0,,,,,
,,,,,,,,,,,,,,,,,,,,
//CUSTOMIZE CATEGORY 5,,,,,,,,,,,,,,,,,,,,
//SRC定義,(NULL),font,st,align,edit,panel,,,,,,,,,,,,,,
#SRC_TEXT,0,2,104,0,0,0,,,,,,,,,,,,,,
//DST定義,(NULL),time,x,y,w,h,acc,a,r,g,b,blend,filter,angle,center,loop,timer,op1,op2,op3
#DST_TEXT,0,1000,81,780,120,22,2,255,255,255,255,1,1,0,0,2000,0,0,0,0
#DST_TEXT,0,2000,81,593,120,22,2,255,255,255,255,1,1,0,0,,,,,
,,,,,,,,,,,,,,,,,,,,
//CUSTOMIZE CATEGORY 6,,,,,,,,,,,,,,,,,,,,
//SRC定義,(NULL),font,st,align,edit,panel,,,,,,,,,,,,,,
#SRC_TEXT,0,2,105,0,0,0,,,,,,,,,,,,,,
//DST定義,(NULL),time,x,y,w,h,acc,a,r,g,b,blend,filter,angle,center,loop,timer,op1,op2,op3
#DST_TEXT,0,1000,399,780,120,22,2,255,255,255,255,1,1,0,0,2000,0,0,0,0
#DST_TEXT,0,2000,399,593,120,22,2,255,255,255,255,1,1,0,0,,,,,
,,,,,,,,,,,,,,,,,,,,
//CUSTOMIZE CATEGORY 7,,,,,,,,,,,,,,,,,,,,
//SRC定義,(NULL),font,st,align,edit,panel,,,,,,,,,,,,,,
#SRC_TEXT,0,2,106,0,0,0,,,,,,,,,,,,,,
//DST定義,(NULL),time,x,y,w,h,acc,a,r,g,b,blend,filter,angle,center,loop,timer,op1,op2,op3
#DST_TEXT,0,1000,81,798,120,22,2,255,255,255,255,1,1,0,0,2000,0,0,0,0
#DST_TEXT,0,2000,81,611,120,22,2,255,255,255,255,1,1,0,0,,,,,
,,,,,,,,,,,,,,,,,,,,
//CUSTOMIZE CATEGORY 8,,,,,,,,,,,,,,,,,,,,
//SRC定義,(NULL),font,st,align,edit,panel,,,,,,,,,,,,,,
#SRC_TEXT,0,2,107,0,0,0,,,,,,,,,,,,,,
//DST定義,(NULL),time,x,y,w,h,acc,a,r,g,b,blend,filter,angle,center,loop,timer,op1,op2,op3
#DST_TEXT,0,1000,399,798,120,22,2,255,255,255,255,1,1,0,0,2000,0,0,0,0
#DST_TEXT,0,2000,399,611,120,22,2,255,255,255,255,1,1,0,0,,,,,
,,,,,,,,,,,,,,,,,,,,
//ITEMS,,,,,,,,,,,,,,,,,,,,
//CUSTOMIZE ITEM 1,,,,,,,,,,,,,,,,,,,,
//SRC定義,(NULL),font,st,align,edit,panel,,,,,,,,,,,,,,
#SRC_TEXT,0,2,110,1,0,0,,,,,,,,,,,,,,
//DST定義,(NULL),time,x,y,w,h,acc,a,r,g,b,blend,filter,angle,center,loop,timer,op1,op2,op3
#DST_TEXT,0,1000,295,744,190,22,2,255,255,255,255,1,1,0,0,2000,0,0,0,0
#DST_TEXT,0,2000,295,557,190,22,2,255,255,255,255,1,1,0,0,,,,,
,,,,,,,,,,,,,,,,,,,,
//CUSTOMIZE ITEM 2,,,,,,,,,,,,,,,,,,,,
//SRC定義,(NULL),font,st,align,edit,panel,,,,,,,,,,,,,,
#SRC_TEXT,0,2,111,1,0,0,,,,,,,,,,,,,,
//DST定義,(NULL),time,x,y,w,h,acc,a,r,g,b,blend,filter,angle,center,loop,timer,op1,op2,op3
#DST_TEXT,0,1000,613,744,190,22,2,255,255,255,255,1,1,0,0,2000,0,0,0,0
#DST_TEXT,0,2000,613,557,190,22,2,255,255,255,255,1,1,0,0,,,,,
,,,,,,,,,,,,,,,,,,,,
//CUSTOMIZE ITEM 3,,,,,,,,,,,,,,,,,,,,
//SRC定義,(NULL),font,st,align,edit,panel,,,,,,,,,,,,,,
#SRC_TEXT,0,2,112,1,0,0,,,,,,,,,,,,,,
//DST定義,(NULL),time,x,y,w,h,acc,a,r,g,b,blend,filter,angle,center,loop,timer,op1,op2,op3
#DST_TEXT,0,1000,295,762,190,22,2,255,255,255,255,1,1,0,0,2000,0,0,0,0
#DST_TEXT,0,2000,295,575,190,22,2,255,255,255,255,1,1,0,0,,,,,
,,,,,,,,,,,,,,,,,,,,
//CUSTOMIZE ITEM 4,,,,,,,,,,,,,,,,,,,,
//SRC定義,(NULL),font,st,align,edit,panel,,,,,,,,,,,,,,
#SRC_TEXT,0,2,113,1,0,0,,,,,,,,,,,,,,
//DST定義,(NULL),time,x,y,w,h,acc,a,r,g,b,blend,filter,angle,center,loop,timer,op1,op2,op3
#DST_TEXT,0,1000,613,762,190,22,2,255,255,255,255,1,1,0,0,2000,0,0,0,0
#DST_TEXT,0,2000,613,575,190,22,2,255,255,255,255,1,1,0,0,,,,,
,,,,,,,,,,,,,,,,,,,,
//CUSTOMIZE ITEM 5,,,,,,,,,,,,,,,,,,,,
//SRC定義,(NULL),font,st,align,edit,panel,,,,,,,,,,,,,,
#SRC_TEXT,0,2,114,1,0,0,,,,,,,,,,,,,,
//DST定義,(NULL),time,x,y,w,h,acc,a,r,g,b,blend,filter,angle,center,loop,timer,op1,op2,op3
#DST_TEXT,0,1000,295,780,190,22,2,255,255,255,255,1,1,0,0,2000,0,0,0,0
#DST_TEXT,0,2000,295,593,190,22,2,255,255,255,255,1,1,0,0,,,,,
,,,,,,,,,,,,,,,,,,,,
//CUSTOMIZE ITEM 6,,,,,,,,,,,,,,,,,,,,
//SRC定義,(NULL),font,st,align,edit,panel,,,,,,,,,,,,,,
#SRC_TEXT,0,2,115,1,0,0,,,,,,,,,,,,,,
//DST定義,(NULL),time,x,y,w,h,acc,a,r,g,b,blend,filter,angle,center,loop,timer,op1,op2,op3
#DST_TEXT,0,1000,613,780,190,22,2,255,255,255,255,1,1,0,0,2000,0,0,0,0
#DST_TEXT,0,2000,613,593,190,22,2,255,255,255,255,1,1,0,0,,,,,
,,,,,,,,,,,,,,,,,,,,
//CUSTOMIZE ITEM 7,,,,,,,,,,,,,,,,,,,,
//SRC定義,(NULL),font,st,align,edit,panel,,,,,,,,,,,,,,
#SRC_TEXT,0,2,116,1,0,0,,,,,,,,,,,,,,
//DST定義,(NULL),time,x,y,w,h,acc,a,r,g,b,blend,filter,angle,center,loop,timer,op1,op2,op3
#DST_TEXT,0,1000,295,798,190,22,2,255,255,255,255,1,1,0,0,2000,0,0,0,0
#DST_TEXT,0,2000,295,611,190,22,2,255,255,255,255,1,1,0,0,,,,,
,,,,,,,,,,,,,,,,,,,,
//CUSTOMIZE ITEM 8,,,,,,,,,,,,,,,,,,,,
//SRC定義,(NULL),font,st,align,edit,panel,,,,,,,,,,,,,,
#SRC_TEXT,0,2,117,1,0,0,,,,,,,,,,,,,,
//DST定義,(NULL),time,x,y,w,h,acc,a,r,g,b,blend,filter,angle,center,loop,timer,op1,op2,op3
#DST_TEXT,0,1000,613,798,190,22,2,255,255,255,255,1,1,0,0,2000,0,0,0,0
#DST_TEXT,0,2000,613,611,190,22,2,255,255,255,255,1,1,0,0,,,,,
,,,,,,,,,,,,,,,,,,,,
//ITEM BUTTONS,,,,,,,,,,,,,,,,,,,,
//CUSTOMIZE ITEM 1,,,,,,,,,,,,,,,,,,,,
//SRC定義,(NULL),gr,x,y,w,h,div_x,div_y,cycle,timer,type,click,panel,plusonly,,,,,,
#SRC_BUTTON,0,0,0,0,192,16,1,1,0,0,220,1,0,0,,,,,,
//DST定義,(NULL),time,x,y,w,h,acc,a,r,g,b,blend,filter,angle,center,loop,timer,op1,op2,op3
#DST_BUTTON,0,1000,202,747,192,16,2,0,255,255,255,1,1,0,0,2000,0,0,0,0
#DST_BUTTON,0,2000,202,560,192,16,2,0,255,255,255,1,1,0,0,,,,,
,,,,,,,,,,,,,,,,,,,,
//CUSTOMIZE ITEM 2,,,,,,,,,,,,,,,,,,,,
//SRC定義,(NULL),gr,x,y,w,h,div_x,div_y,cycle,timer,type,click,panel,plusonly,,,,,,
#SRC_BUTTON,0,0,0,0,192,16,1,1,0,0,221,1,0,0,,,,,,
//DST定義,(NULL),time,x,y,w,h,acc,a,r,g,b,blend,filter,angle,center,loop,timer,op1,op2,op3
#DST_BUTTON,0,1000,520,747,192,16,2,0,255,255,255,1,1,0,0,2000,0,0,0,0
#DST_BUTTON,0,2000,520,560,192,16,2,0,255,255,255,1,1,0,0,,,,,
,,,,,,,,,,,,,,,,,,,,
//CUSTOMIZE ITEM 3,,,,,,,,,,,,,,,,,,,,
//SRC定義,(NULL),gr,x,y,w,h,div_x,div_y,cycle,timer,type,click,panel,plusonly,,,,,,
#SRC_BUTTON,0,0,0,0,192,16,1,1,0,0,222,1,0,0,,,,,,
//DST定義,(NULL),time,x,y,w,h,acc,a,r,g,b,blend,filter,angle,center,loop,timer,op1,op2,op3
#DST_BUTTON,0,1000,202,766,192,16,2,0,255,255,255,1,1,0,0,2000,0,0,0,0
#DST_BUTTON,0,2000,202,579,192,16,2,0,255,255,255,1,1,0,0,,,,,
,,,,,,,,,,,,,,,,,,,,
//CUSTOMIZE ITEM 4,,,,,,,,,,,,,,,,,,,,
//SRC定義,(NULL),gr,x,y,w,h,div_x,div_y,cycle,timer,type,click,panel,plusonly,,,,,,
#SRC_BUTTON,0,0,0,0,192,16,1,1,0,0,223,1,0,0,,,,,,
//DST定義,(NULL),time,x,y,w,h,acc,a,r,g,b,blend,filter,angle,center,loop,timer,op1,op2,op3
#DST_BUTTON,0,1000,520,766,192,16,2,0,255,255,255,1,1,0,0,2000,0,0,0,0
#DST_BUTTON,0,2000,520,579,192,16,2,0,255,255,255,1,1,0,0,,,,,
,,,,,,,,,,,,,,,,,,,,
//CUSTOMIZE ITEM 5,,,,,,,,,,,,,,,,,,,,
//SRC定義,(NULL),gr,x,y,w,h,div_x,div_y,cycle,timer,type,click,panel,plusonly,,,,,,
#SRC_BUTTON,0,0,0,0,192,16,1,1,0,0,224,1,0,0,,,,,,
//DST定義,(NULL),time,x,y,w,h,acc,a,r,g,b,blend,filter,angle,center,loop,timer,op1,op2,op3
#DST_BUTTON,0,1000,202,785,192,16,2,0,255,255,255,1,1,0,0,2000,0,0,0,0
#DST_BUTTON,0,2000,202,598,192,16,2,0,255,255,255,1,1,0,0,,,,,
,,,,,,,,,,,,,,,,,,,,
//CUSTOMIZE ITEM 6,,,,,,,,,,,,,,,,,,,,
//SRC定義,(NULL),gr,x,y,w,h,div_x,div_y,cycle,timer,type,click,panel,plusonly,,,,,,
#SRC_BUTTON,0,0,0,0,192,16,1,1,0,0,225,1,0,0,,,,,,
//DST定義,(NULL),time,x,y,w,h,acc,a,r,g,b,blend,filter,angle,center,loop,timer,op1,op2,op3
#DST_BUTTON,0,1000,520,785,192,16,2,0,255,255,255,1,1,0,0,2000,0,0,0,0
#DST_BUTTON,0,2000,520,598,192,16,2,0,255,255,255,1,1,0,0,,,,,
,,,,,,,,,,,,,,,,,,,,
//CUSTOMIZE ITEM 7,,,,,,,,,,,,,,,,,,,,
//SRC定義,(NULL),gr,x,y,w,h,div_x,div_y,cycle,timer,type,click,panel,plusonly,,,,,,
#SRC_BUTTON,0,0,0,0,192,16,1,1,0,0,226,1,0,0,,,,,,
//DST定義,(NULL),time,x,y,w,h,acc,a,r,g,b,blend,filter,angle,center,loop,timer,op1,op2,op3
#DST_BUTTON,0,1000,202,804,192,16,2,0,255,255,255,1,1,0,0,2000,0,0,0,0
#DST_BUTTON,0,2000,202,617,192,16,2,0,255,255,255,1,1,0,0,,,,,
,,,,,,,,,,,,,,,,,,,,
//CUSTOMIZE ITEM 8,,,,,,,,,,,,,,,,,,,,
//SRC定義,(NULL),gr,x,y,w,h,div_x,div_y,cycle,timer,type,click,panel,plusonly,,,,,,
#SRC_BUTTON,0,0,0,0,192,16,1,1,0,0,227,1,0,0,,,,,,
//DST定義,(NULL),time,x,y,w,h,acc,a,r,g,b,blend,filter,angle,center,loop,timer,op1,op2,op3
#DST_BUTTON,0,1000,520,804,192,16,2,0,255,255,255,1,1,0,0,2000,0,0,0,0
#DST_BUTTON,0,2000,520,617,192,16,2,0,255,255,255,1,1,0,0,,,,,
,,,,,,,,,,,,,,,,,,,,
//CURSOR STOP 1,,L,,,,,,,,,,,,,,,,,,
//SRC定義,(NULL),gr,x,y,w,h,div_x,div_y,cycle,timer,panel,x2,y2,w2,h2,,,,,
#SRC_ONMOUSE,0,1,790,1020,95,7,1,1,0,0,0,0,-4,95,16,,,,,
//DST定義,(NULL),time,x,y,w,h,acc,a,r,g,b,blend,filter,angle,center,loop,timer,op1,op2,op3
#DST_ONMOUSE,0,1000,199,751,95,7,0,255,255,255,255,0,0,0,0,2000,0,0,0,0
#DST_ONMOUSE,0,2000,199,564,95,7,0,255,255,255,255,0,0,0,0,,,,,
,,,,,,,,,,,,,,,,,,,,
//CURSOR STOP 1,,R,,,,,,,,,,,,,,,,,,
//SRC定義,(NULL),gr,x,y,w,h,div_x,div_y,cycle,timer,panel,x2,y2,w2,h2,,,,,
#SRC_ONMOUSE,0,1,885,1020,95,7,1,1,0,0,0,0,-4,95,16,,,,,
//DST定義,(NULL),time,x,y,w,h,acc,a,r,g,b,blend,filter,angle,center,loop,timer,op1,op2,op3
#DST_ONMOUSE,0,1000,294,751,95,7,0,255,255,255,255,0,0,0,0,2000,0,0,0,0
#DST_ONMOUSE,0,2000,294,564,95,7,0,255,255,255,255,0,0,0,0,,,,,
,,,,,,,,,,,,,,,,,,,,
//CURSOR STOP 2,,L,,,,,,,,,,,,,,,,,,
//SRC定義,(NULL),gr,x,y,w,h,div_x,div_y,cycle,timer,panel,x2,y2,w2,h2,,,,,
#SRC_ONMOUSE,0,1,790,1020,95,7,1,1,0,0,0,0,-4,95,16,,,,,
//DST定義,(NULL),time,x,y,w,h,acc,a,r,g,b,blend,filter,angle,center,loop,timer,op1,op2,op3
#DST_ONMOUSE,0,1000,516,751,95,7,0,255,255,255,255,0,0,0,0,2000,0,0,0,0
#DST_ONMOUSE,0,2000,516,564,95,7,0,255,255,255,255,0,0,0,0,,,,,
,,,,,,,,,,,,,,,,,,,,
//CURSOR STOP 2,,R,,,,,,,,,,,,,,,,,,
//SRC定義,(NULL),gr,x,y,w,h,div_x,div_y,cycle,timer,panel,x2,y2,w2,h2,,,,,
#SRC_ONMOUSE,0,1,885,1020,95,7,1,1,0,0,0,0,-4,95,16,,,,,
//DST定義,(NULL),time,x,y,w,h,acc,a,r,g,b,blend,filter,angle,center,loop,timer,op1,op2,op3
#DST_ONMOUSE,0,1000,611,751,95,7,0,255,255,255,255,0,0,0,0,2000,0,0,0,0
#DST_ONMOUSE,0,2000,611,564,95,7,0,255,255,255,255,0,0,0,0,,,,,
,,,,,,,,,,,,,,,,,,,,
//CURSOR STOP 3,,L,,,,,,,,,,,,,,,,,,
//SRC定義,(NULL),gr,x,y,w,h,div_x,div_y,cycle,timer,panel,x2,y2,w2,h2,,,,,
#SRC_ONMOUSE,0,1,790,1020,95,7,1,1,0,0,0,0,-4,95,16,,,,,
//DST定義,(NULL),time,x,y,w,h,acc,a,r,g,b,blend,filter,angle,center,loop,timer,op1,op2,op3
#DST_ONMOUSE,0,1000,199,769,95,7,0,255,255,255,255,0,0,0,0,2000,0,0,0,0
#DST_ONMOUSE,0,2000,199,582,95,7,0,255,255,255,255,0,0,0,0,,,,,
,,,,,,,,,,,,,,,,,,,,
//CURSOR STOP 3,,R,,,,,,,,,,,,,,,,,,
//SRC定義,(NULL),gr,x,y,w,h,div_x,div_y,cycle,timer,panel,x2,y2,w2,h2,,,,,
#SRC_ONMOUSE,0,1,885,1020,95,7,1,1,0,0,0,0,-4,95,16,,,,,
//DST定義,(NULL),time,x,y,w,h,acc,a,r,g,b,blend,filter,angle,center,loop,timer,op1,op2,op3
#DST_ONMOUSE,0,1000,294,769,95,7,0,255,255,255,255,0,0,0,0,2000,0,0,0,0
#DST_ONMOUSE,0,2000,294,582,95,7,0,255,255,255,255,0,0,0,0,,,,,
,,,,,,,,,,,,,,,,,,,,
//CURSOR STOP 4,,L,,,,,,,,,,,,,,,,,,
//SRC定義,(NULL),gr,x,y,w,h,div_x,div_y,cycle,timer,panel,x2,y2,w2,h2,,,,,
#SRC_ONMOUSE,0,1,790,1020,95,7,1,1,0,0,0,0,-4,95,16,,,,,
//DST定義,(NULL),time,x,y,w,h,acc,a,r,g,b,blend,filter,angle,center,loop,timer,op1,op2,op3
#DST_ONMOUSE,0,1000,516,769,95,7,0,255,255,255,255,0,0,0,0,2000,0,0,0,0
#DST_ONMOUSE,0,2000,516,582,95,7,0,255,255,255,255,0,0,0,0,,,,,
,,,,,,,,,,,,,,,,,,,,
//CURSOR STOP 4,,R,,,,,,,,,,,,,,,,,,
//SRC定義,(NULL),gr,x,y,w,h,div_x,div_y,cycle,timer,panel,x2,y2,w2,h2,,,,,
#SRC_ONMOUSE,0,1,885,1020,95,7,1,1,0,0,0,0,-4,95,16,,,,,
//DST定義,(NULL),time,x,y,w,h,acc,a,r,g,b,blend,filter,angle,center,loop,timer,op1,op2,op3
#DST_ONMOUSE,0,1000,611,769,95,7,0,255,255,255,255,0,0,0,0,2000,0,0,0,0
#DST_ONMOUSE,0,2000,611,582,95,7,0,255,255,255,255,0,0,0,0,,,,,
,,,,,,,,,,,,,,,,,,,,
//CURSOR STOP 5,,L,,,,,,,,,,,,,,,,,,
//SRC定義,(NULL),gr,x,y,w,h,div_x,div_y,cycle,timer,panel,x2,y2,w2,h2,,,,,
#SRC_ONMOUSE,0,1,790,1020,95,7,1,1,0,0,0,0,-4,95,16,,,,,
//DST定義,(NULL),time,x,y,w,h,acc,a,r,g,b,blend,filter,angle,center,loop,timer,op1,op2,op3
#DST_ONMOUSE,0,1000,199,787,95,7,0,255,255,255,255,0,0,0,0,2000,0,0,0,0
#DST_ONMOUSE,0,2000,199,600,95,7,0,255,255,255,255,0,0,0,0,,,,,
,,,,,,,,,,,,,,,,,,,,
//CURSOR STOP 5,,R,,,,,,,,,,,,,,,,,,
//SRC定義,(NULL),gr,x,y,w,h,div_x,div_y,cycle,timer,panel,x2,y2,w2,h2,,,,,
#SRC_ONMOUSE,0,1,885,1020,95,7,1,1,0,0,0,0,-4,95,16,,,,,
//DST定義,(NULL),time,x,y,w,h,acc,a,r,g,b,blend,filter,angle,center,loop,timer,op1,op2,op3
#DST_ONMOUSE,0,1000,294,787,95,7,0,255,255,255,255,0,0,0,0,2000,0,0,0,0
#DST_ONMOUSE,0,2000,294,600,95,7,0,255,255,255,255,0,0,0,0,,,,,
,,,,,,,,,,,,,,,,,,,,
//CURSOR STOP 6,,L,,,,,,,,,,,,,,,,,,
//SRC定義,(NULL),gr,x,y,w,h,div_x,div_y,cycle,timer,panel,x2,y2,w2,h2,,,,,
#SRC_ONMOUSE,0,1,790,1020,95,7,1,1,0,0,0,0,-4,95,16,,,,,
//DST定義,(NULL),time,x,y,w,h,acc,a,r,g,b,blend,filter,angle,center,loop,timer,op1,op2,op3
#DST_ONMOUSE,0,1000,516,787,95,7,0,255,255,255,255,0,0,0,0,2000,0,0,0,0
#DST_ONMOUSE,0,2000,516,600,95,7,0,255,255,255,255,0,0,0,0,,,,,
,,,,,,,,,,,,,,,,,,,,
//CURSOR STOP 6,,R,,,,,,,,,,,,,,,,,,
//SRC定義,(NULL),gr,x,y,w,h,div_x,div_y,cycle,timer,panel,x2,y2,w2,h2,,,,,
#SRC_ONMOUSE,0,1,885,1020,95,7,1,1,0,0,0,0,-4,95,16,,,,,
//DST定義,(NULL),time,x,y,w,h,acc,a,r,g,b,blend,filter,angle,center,loop,timer,op1,op2,op3
#DST_ONMOUSE,0,1000,611,787,95,7,0,255,255,255,255,0,0,0,0,2000,0,0,0,0
#DST_ONMOUSE,0,2000,611,600,95,7,0,255,255,255,255,0,0,0,0,,,,,
,,,,,,,,,,,,,,,,,,,,
//CURSOR STOP 7,,L,,,,,,,,,,,,,,,,,,
//SRC定義,(NULL),gr,x,y,w,h,div_x,div_y,cycle,timer,panel,x2,y2,w2,h2,,,,,
#SRC_ONMOUSE,0,1,790,1020,95,7,1,1,0,0,0,0,-4,95,16,,,,,
//DST定義,(NULL),time,x,y,w,h,acc,a,r,g,b,blend,filter,angle,center,loop,timer,op1,op2,op3
#DST_ONMOUSE,0,1000,199,805,95,7,0,255,255,255,255,0,0,0,0,2000,0,0,0,0
#DST_ONMOUSE,0,2000,199,618,95,7,0,255,255,255,255,0,0,0,0,,,,,
,,,,,,,,,,,,,,,,,,,,
//CURSOR STOP 7,,R,,,,,,,,,,,,,,,,,,
//SRC定義,(NULL),gr,x,y,w,h,div_x,div_y,cycle,timer,panel,x2,y2,w2,h2,,,,,
#SRC_ONMOUSE,0,1,885,1020,95,7,1,1,0,0,0,0,-4,95,16,,,,,
//DST定義,(NULL),time,x,y,w,h,acc,a,r,g,b,blend,filter,angle,center,loop,timer,op1,op2,op3
#DST_ONMOUSE,0,1000,294,805,95,7,0,255,255,255,255,0,0,0,0,2000,0,0,0,0
#DST_ONMOUSE,0,2000,294,618,95,7,0,255,255,255,255,0,0,0,0,,,,,
,,,,,,,,,,,,,,,,,,,,
//CURSOR STOP 8,,L,,,,,,,,,,,,,,,,,,
//SRC定義,(NULL),gr,x,y,w,h,div_x,div_y,cycle,timer,panel,x2,y2,w2,h2,,,,,
#SRC_ONMOUSE,0,1,790,1020,95,7,1,1,0,0,0,0,-4,95,16,,,,,
//DST定義,(NULL),time,x,y,w,h,acc,a,r,g,b,blend,filter,angle,center,loop,timer,op1,op2,op3
#DST_ONMOUSE,0,1000,516,805,95,7,0,255,255,255,255,0,0,0,0,2000,0,0,0,0
#DST_ONMOUSE,0,2000,516,618,95,7,0,255,255,255,255,0,0,0,0,,,,,
,,,,,,,,,,,,,,,,,,,,
//CURSOR STOP 8,,R,,,,,,,,,,,,,,,,,,
//SRC定義,(NULL),gr,x,y,w,h,div_x,div_y,cycle,timer,panel,x2,y2,w2,h2,,,,,
#SRC_ONMOUSE,0,1,885,1020,95,7,1,1,0,0,0,0,-4,95,16,,,,,
//DST定義,(NULL),time,x,y,w,h,acc,a,r,g,b,blend,filter,angle,center,loop,timer,op1,op2,op3
#DST_ONMOUSE,0,1000,611,805,95,7,0,255,255,255,255,0,0,0,0,2000,0,0,0,0
#DST_ONMOUSE,0,2000,611,618,95,7,0,255,255,255,255,0,0,0,0,,,,,
,,,,,,,,,,,,,,,,,,,,
,,,,,,,,,,,,,,,,,,,,
,,,,,,,,,,,,,,,,,,,,
,,,,,,,,,,,,,,,,,,,,
,,,,,,,,,,,,,,,,,,,,
//CHANGE BUTTON,,,,,,,,,,,,,,,,,,,,
//SRC定義,(NULL),gr,x,y,w,h,div_x,div_y,cycle,timer,type,click,panel,plusonly,,,,,,
#SRC_BUTTON,0,0,0,0,0,0,1,1,0,0,190,1,0,0,,,,,,
//DST定義,(NULL),time,x,y,w,h,acc,a,r,g,b,blend,filter,angle,center,loop,timer,op1,op2,op3
#DST_BUTTON,0,0,74,172,640,360,0,255,255,255,255,0,0,0,0,0,0,0,0,0
,,,,,,,,,,,,,,,,,,,,
//EXTRA SKIN DISPLAY BUTTON,,,,,,,,,,,,,,,,,,,,
//SRC定義,(NULL),gr,x,y,w,h,div_x,div_y,cycle,timer,type,click,panel,plusonly,,,,,,
#SRC_BUTTON,0,0,0,0,1,1,1,1,0,0,1,1,0,0,,,,,,
//DST定義,(NULL),time,x,y,w,h,acc,a,r,g,b,blend,filter,angle,center,loop,timer,op1,op2,op3
#DST_BUTTON,0,0,1100,16,165,165,0,255,255,255,255,1,0,0,0,0,0,0,0,0
,,,,,,,,,,,,,,,,,,,,
,,,,,,,,,,,,,,,,,,,,
,,,,,,,,,,,,,,,,,,,,
//BUTTONS//////////////////////////////////////////////////////////////////////////////,,,,,,,,,,,,,,,,,,,,
,,,,,,,,,,,,,,,,,,,,
//7,,,,,,,,,,,,,,,,,,,,
//SRC定義,(NULL),gr,x,y,w,h,div_x,div_y,cycle,timer,type,click,panel,plusonly,,,,,,
#SRC_BUTTON,0,1,0,0,1112,40,2,1,0,0,170,1,0,0,,,,,,
//DST定義,(NULL),time,x,y,w,h,acc,a,r,g,b,blend,filter,angle,center,loop,timer,op1,op2,op3
#DST_BUTTON,0,0,763,136,556,40,0,100,255,255,255,1,0,0,0,333,0,0,0,0
#DST_BUTTON,0,166,763,136,556,40,2,100,255,255,255,1,0,0,0,,,,,
#DST_BUTTON,0,333,733,136,556,40,2,255,255,255,255,1,0,0,0,,,,,
,,,,,,,,,,,,,,,,,,,,
//7B,,,,,,,,,,,,,,,,,,,,
//SRC定義,(NULL),gr,x,y,w,h,div_x,div_y,cycle,timer,type,click,panel,plusonly,,,,,,
#SRC_BUTTON,0,1,0,40,1112,40,2,1,0,0,182,1,0,0,,,,,,
//DST定義,(NULL),time,x,y,w,h,acc,a,r,g,b,blend,filter,angle,center,loop,timer,op1,op2,op3
#DST_BUTTON,0,0,763,176,556,40,0,100,255,255,255,1,0,0,0,300,0,0,0,0
#DST_BUTTON,0,133,763,176,556,40,2,100,255,255,255,1,0,0,0,,,,,
#DST_BUTTON,0,300,733,176,556,40,2,255,255,255,255,1,0,0,0,,,,,
,,,,,,,,,,,,,,,,,,,,
//5,,,,,,,,,,,,,,,,,,,,
//SRC定義,(NULL),gr,x,y,w,h,div_x,div_y,cycle,timer,type,click,panel,plusonly,,,,,,
#SRC_BUTTON,0,1,0,80,1112,40,2,1,0,0,171,1,0,0,,,,,,
//DST定義,(NULL),time,x,y,w,h,acc,a,r,g,b,blend,filter,angle,center,loop,timer,op1,op2,op3
#DST_BUTTON,0,0,763,216,556,40,0,100,255,255,255,1,0,0,0,266,0,0,0,0
#DST_BUTTON,0,100,763,216,556,40,2,100,255,255,255,1,0,0,0,,,,,
#DST_BUTTON,0,266,733,216,556,40,2,255,255,255,255,1,0,0,0,,,,,
,,,,,,,,,,,,,,,,,,,,
//5B,,,,,,,,,,,,,,,,,,,,
//SRC定義,(NULL),gr,x,y,w,h,div_x,div_y,cycle,timer,type,click,panel,plusonly,,,,,,
#SRC_BUTTON,0,1,0,120,1112,40,2,1,0,0,183,1,0,0,,,,,,
//DST定義,(NULL),time,x,y,w,h,acc,a,r,g,b,blend,filter,angle,center,loop,timer,op1,op2,op3
#DST_BUTTON,0,0,763,256,556,40,0,100,255,255,255,1,0,0,0,233,0,0,0,0
#DST_BUTTON,0,83,763,256,556,40,2,100,255,255,255,1,0,0,0,,,,,
#DST_BUTTON,0,233,733,256,556,40,2,255,255,255,255,1,0,0,0,,,,,
,,,,,,,,,,,,,,,,,,,,
//9,,,,,,,,,,,,,,,,,,,,
//SRC定義,(NULL),gr,x,y,w,h,div_x,div_y,cycle,timer,type,click,panel,plusonly,,,,,,
#SRC_BUTTON,0,1,0,160,1112,40,2,1,0,0,174,1,0,0,,,,,,
//DST定義,(NULL),time,x,y,w,h,acc,a,r,g,b,blend,filter,angle,center,loop,timer,op1,op2,op3
#DST_BUTTON,0,0,763,296,556,40,0,100,255,255,255,1,0,0,0,200,0,0,0,0
#DST_BUTTON,0,50,763,296,556,40,2,100,255,255,255,1,0,0,0,,,,,
#DST_BUTTON,0,200,733,296,556,40,2,255,255,255,255,1,0,0,0,,,,,
,,,,,,,,,,,,,,,,,,,,
//14,,,,,,,,,,,,,,,,,,,,
//SRC定義,(NULL),gr,x,y,w,h,div_x,div_y,cycle,timer,type,click,panel,plusonly,,,,,,
#SRC_BUTTON,0,1,0,240,1112,40,2,1,0,0,172,1,0,0,,,,,,
//DST定義,(NULL),time,x,y,w,h,acc,a,r,g,b,blend,filter,angle,center,loop,timer,op1,op2,op3
#DST_BUTTON,0,0,763,336,556,40,0,100,255,255,255,1,0,0,0,166,0,0,0,0
#DST_BUTTON,0,16,763,336,556,40,2,100,255,255,255,1,0,0,0,,,,,
#DST_BUTTON,0,166,733,336,556,40,2,255,255,255,255,1,0,0,0,,,,,
,,,,,,,,,,,,,,,,,,,,
//10,,,,,,,,,,,,,,,,,,,,
//SRC定義,(NULL),gr,x,y,w,h,div_x,div_y,cycle,timer,type,click,panel,plusonly,,,,,,
#SRC_BUTTON,0,1,0,280,1112,40,2,1,0,0,173,1,0,0,,,,,,
//DST定義,(NULL),time,x,y,w,h,acc,a,r,g,b,blend,filter,angle,center,loop,timer,op1,op2,op3
#DST_BUTTON,0,0,763,376,556,40,0,100,255,255,255,1,0,0,0,200,0,0,0,0
#DST_BUTTON,0,50,763,376,556,40,2,100,255,255,255,1,0,0,0,,,,,
#DST_BUTTON,0,200,733,376,556,40,2,255,255,255,255,1,0,0,0,,,,,
,,,,,,,,,,,,,,,,,,,,
//MUSIC SELECT,,,,,,,,,,,,,,,,,,,,
//SRC定義,(NULL),gr,x,y,w,h,div_x,div_y,cycle,timer,type,click,panel,plusonly,,,,,,
#SRC_BUTTON,0,1,0,320,1112,40,2,1,0,0,175,1,0,0,,,,,,
//DST定義,(NULL),time,x,y,w,h,acc,a,r,g,b,blend,filter,angle,center,loop,timer,op1,op2,op3
#DST_BUTTON,0,0,763,416,556,40,0,100,255,255,255,1,0,0,0,233,0,0,0,0
#DST_BUTTON,0,83,763,416,556,40,2,100,255,255,255,1,0,0,0,,,,,
#DST_BUTTON,0,233,733,416,556,40,2,255,255,255,255,1,0,0,0,,,,,
,,,,,,,,,,,,,,,,,,,,
//DECIDE,,,,,,,,,,,,,,,,,,,,
//SRC定義,(NULL),gr,x,y,w,h,div_x,div_y,cycle,timer,type,click,panel,plusonly,,,,,,
#SRC_BUTTON,0,1,0,360,1112,40,2,1,0,0,176,1,0,0,,,,,,
//DST定義,(NULL),time,x,y,w,h,acc,a,r,g,b,blend,filter,angle,center,loop,timer,op1,op2,op3
#DST_BUTTON,0,0,763,456,556,40,0,100,255,255,255,1,0,0,0,266,0,0,0,0
#DST_BUTTON,0,100,763,456,556,40,2,100,255,255,255,1,0,0,0,,,,,
#DST_BUTTON,0,266,733,456,556,40,2,255,255,255,255,1,0,0,0,,,,,
,,,,,,,,,,,,,,,,,,,,
//RESULT,,,,,,,,,,,,,,,,,,,,
//SRC定義,(NULL),gr,x,y,w,h,div_x,div_y,cycle,timer,type,click,panel,plusonly,,,,,,
#SRC_BUTTON,0,1,0,400,1112,40,2,1,0,0,177,1,0,0,,,,,,
//DST定義,(NULL),time,x,y,w,h,acc,a,r,g,b,blend,filter,angle,center,loop,timer,op1,op2,op3
#DST_BUTTON,0,0,763,496,556,40,0,100,255,255,255,1,0,0,0,300,0,0,0,0
#DST_BUTTON,0,133,763,496,556,40,2,100,255,255,255,1,0,0,0,,,,,
#DST_BUTTON,0,300,733,496,556,40,2,255,255,255,255,1,0,0,0,,,,,
,,,,,,,,,,,,,,,,,,,,
//COURSE RESULT,,,,,,,,,,,,,,,,,,,,
//SRC定義,(NULL),gr,x,y,w,h,div_x,div_y,cycle,timer,type,click,panel,plusonly,,,,,,
#SRC_BUTTON,0,1,0,440,1112,40,2,1,0,0,185,1,0,0,,,,,,
//DST定義,(NULL),time,x,y,w,h,acc,a,r,g,b,blend,filter,angle,center,loop,timer,op1,op2,op3
#DST_BUTTON,0,0,763,536,556,40,0,100,255,255,255,1,0,0,0,333,0,0,0,0
#DST_BUTTON,0,166,763,536,556,40,2,100,255,255,255,1,0,0,0,,,,,
#DST_BUTTON,0,333,733,536,556,40,2,255,255,255,255,1,0,0,0,,,,,
,,,,,,,,,,,,,,,,,,,,
//SOUND SET,,,,,,,,,,,,,,,,,,,,
//SRC定義,(NULL),gr,x,y,w,h,div_x,div_y,cycle,timer,type,click,panel,plusonly,,,,,,
#SRC_BUTTON,0,1,0,560,1112,40,2,1,0,0,180,1,0,0,,,,,,
//DST定義,(NULL),time,x,y,w,h,acc,a,r,g,b,blend,filter,angle,center,loop,timer,op1,op2,op3
#DST_BUTTON,0,0,763,576,556,40,2,100,255,255,255,1,0,0,0,366,0,0,0,0
#DST_BUTTON,0,200,763,576,556,40,2,100,255,255,255,1,0,0,0,,,,,
#DST_BUTTON,0,366,733,576,556,40,2,255,255,255,255,1,0,0,0,,,,,
,,,,,,,,,,,,,,,,,,,,
//KEY CONFIG,,,,,,,,,,,,,,,,,,,,
//SRC定義,(NULL),gr,x,y,w,h,div_x,div_y,cycle,timer,type,click,panel,plusonly,,,,,,
#SRC_BUTTON,0,1,0,480,1112,40,2,1,0,0,178,0,0,0,,,,,,
//DST定義,(NULL),time,x,y,w,h,acc,a,r,g,b,blend,filter,angle,center,loop,timer,op1,op2,op3
#DST_BUTTON,0,0,763,96,556,40,0,100,255,255,255,1,0,0,0,166,21,0,0,0
#DST_BUTTON,0,16,763,96,556,40,2,100,255,255,255,1,0,0,0,,,,,
#DST_BUTTON,0,166,733,96,556,40,2,255,255,255,255,1,0,0,0,,,,,
,,,,,,,,,,,,,,,,,,,,
//KEYCONFIG BUTTON,,,,,,,,,,,,,,,,,,,,
//SRC定義,(NULL),gr,x,y,w,h,div_x,div_y,cycle,timer,type,click,panel,plusonly,,,,,,
#SRC_BUTTON,0,1,0,480,782,40,2,1,0,0,178,1,0,0,,,,,,
//DST定義,(NULL),time,x,y,w,h,acc,a,r,g,b,blend,filter,angle,center,loop,timer,op1,op2,op3
#DST_BUTTON,0,0,763,96,391,40,0,0,255,255,255,1,0,0,0,166,21,0,0,0
#DST_BUTTON,0,16,763,96,391,40,2,0,255,255,255,1,0,0,0,,,,,
#DST_BUTTON,0,166,733,96,391,40,2,0,255,255,255,1,0,0,0,,,,,
,,,,,,,,,,,,,,,,,,,,
//SKIN SELECT,,,,,,,,,,,,,,,,,,,,
//SRC定義,(NULL),gr,x,y,w,h,div_x,div_y,cycle,timer,type,click,panel,plusonly,,,,,,
#SRC_BUTTON,0,1,0,520,1112,40,2,1,0,0,179,1,0,0,,,,,,
//DST定義,(NULL),time,x,y,w,h,acc,a,r,g,b,blend,filter,angle,center,loop,timer,op1,op2,op3
#DST_BUTTON,0,0,763,616,556,40,0,100,255,255,255,1,0,0,0,200,21,0,0,0
#DST_BUTTON,0,50,763,616,556,40,2,100,255,255,255,1,0,0,0,,,,,
#DST_BUTTON,0,200,733,616,556,40,2,255,255,255,255,1,0,0,0,,,,,
,,,,,,,,,,,,,,,,,,,,
//BUTTON OFF,,,,,,,,,,,,,,,,,,,,
//KEY CONFIG,,,,,,,,,,,,,,,,,,,,
//SRC定義,(NULL),gr,x,y,w,h,div_x,div_y,cycle,timer,type,click,panel,plusonly,,,,,,
#SRC_BUTTON,0,1,0,480,1112,40,2,1,0,0,178,0,0,0,,,,,,
//DST定義,(NULL),time,x,y,w,h,acc,a,r,g,b,blend,filter,angle,center,loop,timer,op1,op2,op3
#DST_BUTTON,0,0,733,96,556,40,0,255,255,255,255,1,0,0,0,-1,31,0,0,0
#DST_BUTTON,0,16,733,96,556,40,2,100,255,255,255,1,0,0,0,,,,,
#DST_BUTTON,0,166,763,96,556,40,2,0,255,255,255,1,0,0,0,,,,,
,,,,,,,,,,,,,,,,,,,,
//KEYCONFIG BUTTON,,,,,,,,,,,,,,,,,,,,
//SRC定義,(NULL),gr,x,y,w,h,div_x,div_y,cycle,timer,type,click,panel,plusonly,,,,,,
#SRC_BUTTON,0,1,0,480,782,40,2,1,0,0,178,1,0,0,,,,,,
//DST定義,(NULL),time,x,y,w,h,acc,a,r,g,b,blend,filter,angle,center,loop,timer,op1,op2,op3
#DST_BUTTON,0,0,733,96,391,40,0,0,255,255,255,1,0,0,0,-1,31,0,0,0
#DST_BUTTON,0,16,733,96,391,40,2,0,255,255,255,1,0,0,0,,,,,
#DST_BUTTON,0,166,763,96,391,40,2,0,255,255,255,1,0,0,0,,,,,
,,,,,,,,,,,,,,,,,,,,
//SKIN SELECT,,,,,,,,,,,,,,,,,,,,
//SRC定義,(NULL),gr,x,y,w,h,div_x,div_y,cycle,timer,type,click,panel,plusonly,,,,,,
#SRC_BUTTON,0,1,0,520,1112,40,2,1,0,0,179,1,0,0,,,,,,
//DST定義,(NULL),time,x,y,w,h,acc,a,r,g,b,blend,filter,angle,center,loop,timer,op1,op2,op3
#DST_BUTTON,0,0,733,616,556,40,0,255,255,255,255,1,0,0,0,-1,31,0,0,0
#DST_BUTTON,0,50,733,616,556,40,2,100,255,255,255,1,0,0,0,,,,,
#DST_BUTTON,0,200,763,616,556,40,2,0,255,255,255,1,0,0,0,,,,,
,,,,,,,,,,,,,,,,,,,,
//FLASH//////////////////////////////////////////////////////////////////////////////,,,,,,,,,,,,,,,,,,,,
,,,,,,,,,,,,,,,,,,,,
//7,,,,,,,,,,,,,,,,,,,,
//SRC定義,(NULL),gr,x,y,w,h,div_x,div_y,cycle,timer,type,click,panel,plusonly,,,,,,
#SRC_BUTTON,0,1,0,1200,568,126,1,2,0,0,170,0,0,0,,,,,,
//DST定義,(NULL),time,x,y,w,h,acc,a,r,g,b,blend,filter,angle,center,loop,timer,(NULL),(NULL),(NULL)
#DST_BUTTON,0,0,1293,125,568,63,2,255,255,255,255,1,0,0,0,666,0,0,0,0
#DST_BUTTON,0,666,724,125,568,63,2,255,255,255,255,1,0,0,0,,,,,
,,,,,,,,,,,,,,,,,,,,
//BARFLASH テカリ1,,,,,,,,,,,,,,,,,,,,
//SRC定義,(NULL),gr,x,y,w,h,div_x,div_y,cycle,timer,type,click,panel,plusonly,,,,,,
#SRC_BUTTON,0,1,0,1200,20,126,1,2,0,0,170,0,0,0,,,,,,
//DST定義,(NULL),time,x,y,w,h,acc,a,r,g,b,blend,filter,angle,center,loop,timer,op1,op2,op3
#DST_BUTTON,0,1033,724,125,20,63,0,10,255,255,255,2,0,0,0,1033,0,0,0,0
#DST_BUTTON,0,1250,724,125,20,63,0,255,255,255,255,2,0,0,0,,,,,
#DST_BUTTON,0,1967,724,125,20,63,0,255,255,255,255,2,0,0,0,,,,,
#DST_BUTTON,0,2800,724,125,20,63,0,0,255,255,255,2,0,0,0,,,,,
#DST_BUTTON,0,4017,724,125,20,63,0,0,255,255,255,2,0,0,0,,,,,
,,,,,,,,,,,,,,,,,,,,
//BARFLASH テカリ2,,,,,,,,,,,,,,,,,,,,
//SRC定義,(NULL),gr,x,y,w,h,div_x,div_y,cycle,timer,type,click,panel,plusonly,,,,,,
#SRC_BUTTON,0,1,20,1200,526,126,1,2,0,0,170,0,0,0,,,,,,
//DST定義,(NULL),time,x,y,w,h,acc,a,r,g,b,blend,filter,angle,center,loop,timer,op1,op2,op3
#DST_BUTTON,0,1050,744,125,20,63,0,30,255,255,255,2,0,0,0,1050,0,0,0,0
#DST_BUTTON,0,1250,744,125,142,63,0,255,255,255,255,2,0,0,0,,,,,
#DST_BUTTON,0,1967,744,125,526,63,0,255,255,255,255,2,0,0,0,,,,,
#DST_BUTTON,0,2800,744,125,526,63,0,0,255,255,255,2,0,0,0,,,,,
#DST_BUTTON,0,4034,744,125,526,63,0,0,255,255,255,2,0,0,0,,,,,
,,,,,,,,,,,,,,,,,,,,
//7B,,,,,,,,,,,,,,,,,,,,
//SRC定義,(NULL),gr,x,y,w,h,div_x,div_y,cycle,timer,type,click,panel,plusonly,,,,,,
#SRC_BUTTON,0,1,0,1200,568,126,1,2,0,0,182,0,0,0,,,,,,
//DST定義,(NULL),time,x,y,w,h,acc,a,r,g,b,blend,filter,angle,center,loop,timer,(NULL),(NULL),(NULL)
#DST_BUTTON,0,0,1293,165,568,63,2,255,255,255,255,1,0,0,0,666,0,0,0,0
#DST_BUTTON,0,666,724,165,568,63,2,255,255,255,255,1,0,0,0,,,,,
,,,,,,,,,,,,,,,,,,,,
//BARFLASH テカリ1,,,,,,,,,,,,,,,,,,,,
//SRC定義,(NULL),gr,x,y,w,h,div_x,div_y,cycle,timer,type,click,panel,plusonly,,,,,,
#SRC_BUTTON,0,1,0,1200,20,126,1,2,0,0,182,0,0,0,,,,,,
//DST定義,(NULL),time,x,y,w,h,acc,a,r,g,b,blend,filter,angle,center,loop,timer,op1,op2,op3
#DST_BUTTON,0,1033,724,165,20,63,0,10,255,255,255,2,0,0,0,1033,0,0,0,0
#DST_BUTTON,0,1250,724,165,20,63,0,255,255,255,255,2,0,0,0,,,,,
#DST_BUTTON,0,1967,724,165,20,63,0,255,255,255,255,2,0,0,0,,,,,
#DST_BUTTON,0,2800,724,165,20,63,0,0,255,255,255,2,0,0,0,,,,,
#DST_BUTTON,0,4017,724,165,20,63,0,0,255,255,255,2,0,0,0,,,,,
,,,,,,,,,,,,,,,,,,,,
//BARFLASH テカリ2,,,,,,,,,,,,,,,,,,,,
//SRC定義,(NULL),gr,x,y,w,h,div_x,div_y,cycle,timer,type,click,panel,plusonly,,,,,,
#SRC_BUTTON,0,1,20,1200,526,126,1,2,0,0,182,0,0,0,,,,,,
//DST定義,(NULL),time,x,y,w,h,acc,a,r,g,b,blend,filter,angle,center,loop,timer,op1,op2,op3
#DST_BUTTON,0,1050,744,165,20,63,0,30,255,255,255,2,0,0,0,1050,0,0,0,0
#DST_BUTTON,0,1250,744,165,142,63,0,255,255,255,255,2,0,0,0,,,,,
#DST_BUTTON,0,1967,744,165,526,63,0,255,255,255,255,2,0,0,0,,,,,
#DST_BUTTON,0,2800,744,165,526,63,0,0,255,255,255,2,0,0,0,,,,,
#DST_BUTTON,0,4034,744,165,526,63,0,0,255,255,255,2,0,0,0,,,,,
,,,,,,,,,,,,,,,,,,,,
//5,,,,,,,,,,,,,,,,,,,,
//SRC定義,(NULL),gr,x,y,w,h,div_x,div_y,cycle,timer,type,click,panel,plusonly,,,,,,
#SRC_BUTTON,0,1,0,1200,568,126,1,2,0,0,171,0,0,0,,,,,,
//DST定義,(NULL),time,x,y,w,h,acc,a,r,g,b,blend,filter,angle,center,loop,timer,(NULL),(NULL),(NULL)
#DST_BUTTON,0,0,1293,205,568,63,2,255,255,255,255,1,0,0,0,666,0,0,0,0
#DST_BUTTON,0,666,724,205,568,63,2,255,255,255,255,1,0,0,0,,,,,
,,,,,,,,,,,,,,,,,,,,
//BARFLASH テカリ1,,,,,,,,,,,,,,,,,,,,
//SRC定義,(NULL),gr,x,y,w,h,div_x,div_y,cycle,timer,type,click,panel,plusonly,,,,,,
#SRC_BUTTON,0,1,0,1200,20,126,1,2,0,0,171,0,0,0,,,,,,
//DST定義,(NULL),time,x,y,w,h,acc,a,r,g,b,blend,filter,angle,center,loop,timer,op1,op2,op3
#DST_BUTTON,0,1033,724,205,20,63,0,10,255,255,255,2,0,0,0,1033,0,0,0,0
#DST_BUTTON,0,1250,724,205,20,63,0,255,255,255,255,2,0,0,0,,,,,
#DST_BUTTON,0,1967,724,205,20,63,0,255,255,255,255,2,0,0,0,,,,,
#DST_BUTTON,0,2800,724,205,20,63,0,0,255,255,255,2,0,0,0,,,,,
#DST_BUTTON,0,4017,724,205,20,63,0,0,255,255,255,2,0,0,0,,,,,
,,,,,,,,,,,,,,,,,,,,
//BARFLASH テカリ2,,,,,,,,,,,,,,,,,,,,
//SRC定義,(NULL),gr,x,y,w,h,div_x,div_y,cycle,timer,type,click,panel,plusonly,,,,,,
#SRC_BUTTON,0,1,20,1200,526,126,1,2,0,0,171,0,0,0,,,,,,
//DST定義,(NULL),time,x,y,w,h,acc,a,r,g,b,blend,filter,angle,center,loop,timer,op1,op2,op3
#DST_BUTTON,0,1050,744,205,20,63,0,30,255,255,255,2,0,0,0,1050,0,0,0,0
#DST_BUTTON,0,1250,744,205,142,63,0,255,255,255,255,2,0,0,0,,,,,
#DST_BUTTON,0,1967,744,205,526,63,0,255,255,255,255,2,0,0,0,,,,,
#DST_BUTTON,0,2800,744,205,526,63,0,0,255,255,255,2,0,0,0,,,,,
#DST_BUTTON,0,4034,744,205,526,63,0,0,255,255,255,2,0,0,0,,,,,
,,,,,,,,,,,,,,,,,,,,
//5B,,,,,,,,,,,,,,,,,,,,
//SRC定義,(NULL),gr,x,y,w,h,div_x,div_y,cycle,timer,type,click,panel,plusonly,,,,,,
#SRC_BUTTON,0,1,0,1200,568,126,1,2,0,0,183,0,0,0,,,,,,
//DST定義,(NULL),time,x,y,w,h,acc,a,r,g,b,blend,filter,angle,center,loop,timer,(NULL),(NULL),(NULL)
#DST_BUTTON,0,0,1293,245,568,63,2,255,255,255,255,1,0,0,0,666,0,0,0,0
#DST_BUTTON,0,666,724,245,568,63,2,255,255,255,255,1,0,0,0,,,,,
,,,,,,,,,,,,,,,,,,,,
//BARFLASH テカリ1,,,,,,,,,,,,,,,,,,,,
//SRC定義,(NULL),gr,x,y,w,h,div_x,div_y,cycle,timer,type,click,panel,plusonly,,,,,,
#SRC_BUTTON,0,1,0,1200,20,126,1,2,0,0,183,0,0,0,,,,,,
//DST定義,(NULL),time,x,y,w,h,acc,a,r,g,b,blend,filter,angle,center,loop,timer,op1,op2,op3
#DST_BUTTON,0,1033,724,245,20,63,0,10,255,255,255,2,0,0,0,1033,0,0,0,0
#DST_BUTTON,0,1250,724,245,20,63,0,255,255,255,255,2,0,0,0,,,,,
#DST_BUTTON,0,1967,724,245,20,63,0,255,255,255,255,2,0,0,0,,,,,
#DST_BUTTON,0,2800,724,245,20,63,0,0,255,255,255,2,0,0,0,,,,,
#DST_BUTTON,0,4017,724,245,20,63,0,0,255,255,255,2,0,0,0,,,,,
,,,,,,,,,,,,,,,,,,,,
//BARFLASH テカリ2,,,,,,,,,,,,,,,,,,,,
//SRC定義,(NULL),gr,x,y,w,h,div_x,div_y,cycle,timer,type,click,panel,plusonly,,,,,,
#SRC_BUTTON,0,1,20,1200,526,126,1,2,0,0,183,0,0,0,,,,,,
//DST定義,(NULL),time,x,y,w,h,acc,a,r,g,b,blend,filter,angle,center,loop,timer,op1,op2,op3
#DST_BUTTON,0,1050,744,245,20,63,0,30,255,255,255,2,0,0,0,1050,0,0,0,0
#DST_BUTTON,0,1250,744,245,142,63,0,255,255,255,255,2,0,0,0,,,,,
#DST_BUTTON,0,1967,744,245,526,63,0,255,255,255,255,2,0,0,0,,,,,
#DST_BUTTON,0,2800,744,245,526,63,0,0,255,255,255,2,0,0,0,,,,,
#DST_BUTTON,0,4034,744,245,526,63,0,0,255,255,255,2,0,0,0,,,,,
,,,,,,,,,,,,,,,,,,,,
//9,,,,,,,,,,,,,,,,,,,,
//SRC定義,(NULL),gr,x,y,w,h,div_x,div_y,cycle,timer,type,click,panel,plusonly,,,,,,
#SRC_BUTTON,0,1,0,1200,568,126,1,2,0,0,174,0,0,0,,,,,,
//DST定義,(NULL),time,x,y,w,h,acc,a,r,g,b,blend,filter,angle,center,loop,timer,(NULL),(NULL),(NULL)
#DST_BUTTON,0,0,1293,285,568,63,2,255,255,255,255,1,0,0,0,666,0,0,0,0
#DST_BUTTON,0,666,724,285,568,63,2,255,255,255,255,1,0,0,0,,,,,
,,,,,,,,,,,,,,,,,,,,
//BARFLASH テカリ1,,,,,,,,,,,,,,,,,,,,
//SRC定義,(NULL),gr,x,y,w,h,div_x,div_y,cycle,timer,type,click,panel,plusonly,,,,,,
#SRC_BUTTON,0,1,0,1200,20,126,1,2,0,0,174,0,0,0,,,,,,
//DST定義,(NULL),time,x,y,w,h,acc,a,r,g,b,blend,filter,angle,center,loop,timer,op1,op2,op3
#DST_BUTTON,0,1033,724,285,20,63,0,10,255,255,255,2,0,0,0,1033,0,0,0,0
#DST_BUTTON,0,1250,724,285,20,63,0,255,255,255,255,2,0,0,0,,,,,
#DST_BUTTON,0,1967,724,285,20,63,0,255,255,255,255,2,0,0,0,,,,,
#DST_BUTTON,0,2800,724,285,20,63,0,0,255,255,255,2,0,0,0,,,,,
#DST_BUTTON,0,4017,724,285,20,63,0,0,255,255,255,2,0,0,0,,,,,
,,,,,,,,,,,,,,,,,,,,
//BARFLASH テカリ2,,,,,,,,,,,,,,,,,,,,
//SRC定義,(NULL),gr,x,y,w,h,div_x,div_y,cycle,timer,type,click,panel,plusonly,,,,,,
#SRC_BUTTON,0,1,20,1200,526,126,1,2,0,0,174,0,0,0,,,,,,
//DST定義,(NULL),time,x,y,w,h,acc,a,r,g,b,blend,filter,angle,center,loop,timer,op1,op2,op3
#DST_BUTTON,0,1050,744,285,20,63,0,30,255,255,255,2,0,0,0,1050,0,0,0,0
#DST_BUTTON,0,1250,744,285,142,63,0,255,255,255,255,2,0,0,0,,,,,
#DST_BUTTON,0,1967,744,285,526,63,0,255,255,255,255,2,0,0,0,,,,,
#DST_BUTTON,0,2800,744,285,526,63,0,0,255,255,255,2,0,0,0,,,,,
#DST_BUTTON,0,4034,744,285,526,63,0,0,255,255,255,2,0,0,0,,,,,
,,,,,,,,,,,,,,,,,,,,
//14,,,,,,,,,,,,,,,,,,,,
//SRC定義,(NULL),gr,x,y,w,h,div_x,div_y,cycle,timer,type,click,panel,plusonly,,,,,,
#SRC_BUTTON,0,1,0,1200,568,126,1,2,0,0,172,0,0,0,,,,,,
//DST定義,(NULL),time,x,y,w,h,acc,a,r,g,b,blend,filter,angle,center,loop,timer,(NULL),(NULL),(NULL)
#DST_BUTTON,0,0,1293,325,568,63,2,255,255,255,255,1,0,0,0,666,0,0,0,0
#DST_BUTTON,0,666,724,325,568,63,2,255,255,255,255,1,0,0,0,,,,,
,,,,,,,,,,,,,,,,,,,,
//BARFLASH テカリ1,,,,,,,,,,,,,,,,,,,,
//SRC定義,(NULL),gr,x,y,w,h,div_x,div_y,cycle,timer,type,click,panel,plusonly,,,,,,
#SRC_BUTTON,0,1,0,1200,20,126,1,2,0,0,172,0,0,0,,,,,,
//DST定義,(NULL),time,x,y,w,h,acc,a,r,g,b,blend,filter,angle,center,loop,timer,op1,op2,op3
#DST_BUTTON,0,1033,724,325,20,63,0,10,255,255,255,2,0,0,0,1033,0,0,0,0
#DST_BUTTON,0,1250,724,325,20,63,0,255,255,255,255,2,0,0,0,,,,,
#DST_BUTTON,0,1967,724,325,20,63,0,255,255,255,255,2,0,0,0,,,,,
#DST_BUTTON,0,2800,724,325,20,63,0,0,255,255,255,2,0,0,0,,,,,
#DST_BUTTON,0,4017,724,325,20,63,0,0,255,255,255,2,0,0,0,,,,,
,,,,,,,,,,,,,,,,,,,,
//BARFLASH テカリ2,,,,,,,,,,,,,,,,,,,,
//SRC定義,(NULL),gr,x,y,w,h,div_x,div_y,cycle,timer,type,click,panel,plusonly,,,,,,
#SRC_BUTTON,0,1,20,1200,526,126,1,2,0,0,172,0,0,0,,,,,,
//DST定義,(NULL),time,x,y,w,h,acc,a,r,g,b,blend,filter,angle,center,loop,timer,op1,op2,op3
#DST_BUTTON,0,1050,744,325,20,63,0,30,255,255,255,2,0,0,0,1050,0,0,0,0
#DST_BUTTON,0,1250,744,325,142,63,0,255,255,255,255,2,0,0,0,,,,,
#DST_BUTTON,0,1967,744,325,526,63,0,255,255,255,255,2,0,0,0,,,,,
#DST_BUTTON,0,2800,744,325,526,63,0,0,255,255,255,2,0,0,0,,,,,
#DST_BUTTON,0,4034,744,325,526,63,0,0,255,255,255,2,0,0,0,,,,,
,,,,,,,,,,,,,,,,,,,,
//10,,,,,,,,,,,,,,,,,,,,
//SRC定義,(NULL),gr,x,y,w,h,div_x,div_y,cycle,timer,type,click,panel,plusonly,,,,,,
#SRC_BUTTON,0,1,0,1200,568,126,1,2,0,0,173,0,0,0,,,,,,
//DST定義,(NULL),time,x,y,w,h,acc,a,r,g,b,blend,filter,angle,center,loop,timer,(NULL),(NULL),(NULL)
#DST_BUTTON,0,0,1293,365,568,63,2,255,255,255,255,1,0,0,0,666,0,0,0,0
#DST_BUTTON,0,666,724,365,568,63,2,255,255,255,255,1,0,0,0,,,,,
,,,,,,,,,,,,,,,,,,,,
//BARFLASH テカリ1,,,,,,,,,,,,,,,,,,,,
//SRC定義,(NULL),gr,x,y,w,h,div_x,div_y,cycle,timer,type,click,panel,plusonly,,,,,,
#SRC_BUTTON,0,1,0,1200,20,126,1,2,0,0,173,0,0,0,,,,,,
//DST定義,(NULL),time,x,y,w,h,acc,a,r,g,b,blend,filter,angle,center,loop,timer,op1,op2,op3
#DST_BUTTON,0,1033,724,365,20,63,0,10,255,255,255,2,0,0,0,1033,0,0,0,0
#DST_BUTTON,0,1250,724,365,20,63,0,255,255,255,255,2,0,0,0,,,,,
#DST_BUTTON,0,1967,724,365,20,63,0,255,255,255,255,2,0,0,0,,,,,
#DST_BUTTON,0,2800,724,365,20,63,0,0,255,255,255,2,0,0,0,,,,,
#DST_BUTTON,0,4017,724,365,20,63,0,0,255,255,255,2,0,0,0,,,,,
,,,,,,,,,,,,,,,,,,,,
//BARFLASH テカリ2,,,,,,,,,,,,,,,,,,,,
//SRC定義,(NULL),gr,x,y,w,h,div_x,div_y,cycle,timer,type,click,panel,plusonly,,,,,,
#SRC_BUTTON,0,1,20,1200,526,126,1,2,0,0,173,0,0,0,,,,,,
//DST定義,(NULL),time,x,y,w,h,acc,a,r,g,b,blend,filter,angle,center,loop,timer,op1,op2,op3
#DST_BUTTON,0,1050,744,365,20,63,0,30,255,255,255,2,0,0,0,1050,0,0,0,0
#DST_BUTTON,0,1250,744,365,142,63,0,255,255,255,255,2,0,0,0,,,,,
#DST_BUTTON,0,1967,744,365,526,63,0,255,255,255,255,2,0,0,0,,,,,
#DST_BUTTON,0,2800,744,365,526,63,0,0,255,255,255,2,0,0,0,,,,,
#DST_BUTTON,0,4034,744,365,526,63,0,0,255,255,255,2,0,0,0,,,,,
,,,,,,,,,,,,,,,,,,,,
//SEL,,,,,,,,,,,,,,,,,,,,
//SRC定義,(NULL),gr,x,y,w,h,div_x,div_y,cycle,timer,type,click,panel,plusonly,,,,,,
#SRC_BUTTON,0,1,0,1200,568,126,1,2,0,0,175,0,0,0,,,,,,
//DST定義,(NULL),time,x,y,w,h,acc,a,r,g,b,blend,filter,angle,center,loop,timer,(NULL),(NULL),(NULL)
#DST_BUTTON,0,0,1293,405,568,63,2,255,255,255,255,1,0,0,0,666,0,0,0,0
#DST_BUTTON,0,666,724,405,568,63,2,255,255,255,255,1,0,0,0,,,,,
,,,,,,,,,,,,,,,,,,,,
//BARFLASH テカリ1,,,,,,,,,,,,,,,,,,,,
//SRC定義,(NULL),gr,x,y,w,h,div_x,div_y,cycle,timer,type,click,panel,plusonly,,,,,,
#SRC_BUTTON,0,1,0,1200,20,126,1,2,0,0,175,0,0,0,,,,,,
//DST定義,(NULL),time,x,y,w,h,acc,a,r,g,b,blend,filter,angle,center,loop,timer,op1,op2,op3
#DST_BUTTON,0,1033,724,405,20,63,0,10,255,255,255,2,0,0,0,1033,0,0,0,0
#DST_BUTTON,0,1250,724,405,20,63,0,255,255,255,255,2,0,0,0,,,,,
#DST_BUTTON,0,1967,724,405,20,63,0,255,255,255,255,2,0,0,0,,,,,
#DST_BUTTON,0,2800,724,405,20,63,0,0,255,255,255,2,0,0,0,,,,,
#DST_BUTTON,0,4017,724,405,20,63,0,0,255,255,255,2,0,0,0,,,,,
,,,,,,,,,,,,,,,,,,,,
//BARFLASH テカリ2,,,,,,,,,,,,,,,,,,,,
//SRC定義,(NULL),gr,x,y,w,h,div_x,div_y,cycle,timer,type,click,panel,plusonly,,,,,,
#SRC_BUTTON,0,1,20,1200,526,126,1,2,0,0,175,0,0,0,,,,,,
//DST定義,(NULL),time,x,y,w,h,acc,a,r,g,b,blend,filter,angle,center,loop,timer,op1,op2,op3
#DST_BUTTON,0,1050,744,405,20,63,0,30,255,255,255,2,0,0,0,1050,0,0,0,0
#DST_BUTTON,0,1250,744,405,142,63,0,255,255,255,255,2,0,0,0,,,,,
#DST_BUTTON,0,1967,744,405,526,63,0,255,255,255,255,2,0,0,0,,,,,
#DST_BUTTON,0,2800,744,405,526,63,0,0,255,255,255,2,0,0,0,,,,,
#DST_BUTTON,0,4034,744,405,526,63,0,0,255,255,255,2,0,0,0,,,,,
,,,,,,,,,,,,,,,,,,,,
//DECIDE,,,,,,,,,,,,,,,,,,,,
//SRC定義,(NULL),gr,x,y,w,h,div_x,div_y,cycle,timer,type,click,panel,plusonly,,,,,,
#SRC_BUTTON,0,1,0,1200,568,126,1,2,0,0,176,0,0,0,,,,,,
//DST定義,(NULL),time,x,y,w,h,acc,a,r,g,b,blend,filter,angle,center,loop,timer,(NULL),(NULL),(NULL)
#DST_BUTTON,0,0,1293,445,568,63,2,255,255,255,255,1,0,0,0,666,0,0,0,0
#DST_BUTTON,0,666,724,445,568,63,2,255,255,255,255,1,0,0,0,,,,,
,,,,,,,,,,,,,,,,,,,,
//BARFLASH テカリ1,,,,,,,,,,,,,,,,,,,,
//SRC定義,(NULL),gr,x,y,w,h,div_x,div_y,cycle,timer,type,click,panel,plusonly,,,,,,
#SRC_BUTTON,0,1,0,1200,20,126,1,2,0,0,176,0,0,0,,,,,,
//DST定義,(NULL),time,x,y,w,h,acc,a,r,g,b,blend,filter,angle,center,loop,timer,op1,op2,op3
#DST_BUTTON,0,1033,724,445,20,63,0,10,255,255,255,2,0,0,0,1033,0,0,0,0
#DST_BUTTON,0,1250,724,445,20,63,0,255,255,255,255,2,0,0,0,,,,,
#DST_BUTTON,0,1967,724,445,20,63,0,255,255,255,255,2,0,0,0,,,,,
#DST_BUTTON,0,2800,724,445,20,63,0,0,255,255,255,2,0,0,0,,,,,
#DST_BUTTON,0,4017,724,445,20,63,0,0,255,255,255,2,0,0,0,,,,,
,,,,,,,,,,,,,,,,,,,,
//BARFLASH テカリ2,,,,,,,,,,,,,,,,,,,,
//SRC定義,(NULL),gr,x,y,w,h,div_x,div_y,cycle,timer,type,click,panel,plusonly,,,,,,
#SRC_BUTTON,0,1,20,1200,526,126,1,2,0,0,176,0,0,0,,,,,,
//DST定義,(NULL),time,x,y,w,h,acc,a,r,g,b,blend,filter,angle,center,loop,timer,op1,op2,op3
#DST_BUTTON,0,1050,744,445,20,63,0,30,255,255,255,2,0,0,0,1050,0,0,0,0
#DST_BUTTON,0,1250,744,445,142,63,0,255,255,255,255,2,0,0,0,,,,,
#DST_BUTTON,0,1967,744,445,526,63,0,255,255,255,255,2,0,0,0,,,,,
#DST_BUTTON,0,2800,744,445,526,63,0,0,255,255,255,2,0,0,0,,,,,
#DST_BUTTON,0,4034,744,445,526,63,0,0,255,255,255,2,0,0,0,,,,,
,,,,,,,,,,,,,,,,,,,,
//RES,,,,,,,,,,,,,,,,,,,,
//SRC定義,(NULL),gr,x,y,w,h,div_x,div_y,cycle,timer,type,click,panel,plusonly,,,,,,
#SRC_BUTTON,0,1,0,1200,568,126,1,2,0,0,177,0,0,0,,,,,,
//DST定義,(NULL),time,x,y,w,h,acc,a,r,g,b,blend,filter,angle,center,loop,timer,(NULL),(NULL),(NULL)
#DST_BUTTON,0,0,1293,485,568,63,2,255,255,255,255,1,0,0,0,666,0,0,0,0
#DST_BUTTON,0,666,724,485,568,63,2,255,255,255,255,1,0,0,0,,,,,
,,,,,,,,,,,,,,,,,,,,
//BARFLASH テカリ1,,,,,,,,,,,,,,,,,,,,
//SRC定義,(NULL),gr,x,y,w,h,div_x,div_y,cycle,timer,type,click,panel,plusonly,,,,,,
#SRC_BUTTON,0,1,0,1200,20,126,1,2,0,0,177,0,0,0,,,,,,
//DST定義,(NULL),time,x,y,w,h,acc,a,r,g,b,blend,filter,angle,center,loop,timer,op1,op2,op3
#DST_BUTTON,0,1033,724,485,20,63,0,10,255,255,255,2,0,0,0,1033,0,0,0,0
#DST_BUTTON,0,1250,724,485,20,63,0,255,255,255,255,2,0,0,0,,,,,
#DST_BUTTON,0,1967,724,485,20,63,0,255,255,255,255,2,0,0,0,,,,,
#DST_BUTTON,0,2800,724,485,20,63,0,0,255,255,255,2,0,0,0,,,,,
#DST_BUTTON,0,4017,724,485,20,63,0,0,255,255,255,2,0,0,0,,,,,
,,,,,,,,,,,,,,,,,,,,
//BARFLASH テカリ2,,,,,,,,,,,,,,,,,,,,
//SRC定義,(NULL),gr,x,y,w,h,div_x,div_y,cycle,timer,type,click,panel,plusonly,,,,,,
#SRC_BUTTON,0,1,20,1200,526,126,1,2,0,0,177,0,0,0,,,,,,
//DST定義,(NULL),time,x,y,w,h,acc,a,r,g,b,blend,filter,angle,center,loop,timer,op1,op2,op3
#DST_BUTTON,0,1050,744,485,20,63,0,30,255,255,255,2,0,0,0,1050,0,0,0,0
#DST_BUTTON,0,1250,744,485,142,63,0,255,255,255,255,2,0,0,0,,,,,
#DST_BUTTON,0,1967,744,485,526,63,0,255,255,255,255,2,0,0,0,,,,,
#DST_BUTTON,0,2800,744,485,526,63,0,0,255,255,255,2,0,0,0,,,,,
#DST_BUTTON,0,4034,744,485,526,63,0,0,255,255,255,2,0,0,0,,,,,
,,,,,,,,,,,,,,,,,,,,
//COURSERESULT,,,,,,,,,,,,,,,,,,,,
//SRC定義,(NULL),gr,x,y,w,h,div_x,div_y,cycle,timer,type,click,panel,plusonly,,,,,,
#SRC_BUTTON,0,1,0,1200,568,126,1,2,0,0,185,0,0,0,,,,,,
//DST定義,(NULL),time,x,y,w,h,acc,a,r,g,b,blend,filter,angle,center,loop,timer,(NULL),(NULL),(NULL)
#DST_BUTTON,0,0,1293,525,568,63,2,255,255,255,255,1,0,0,0,666,0,0,0,0
#DST_BUTTON,0,666,724,525,568,63,2,255,255,255,255,1,0,0,0,,,,,
,,,,,,,,,,,,,,,,,,,,
//BARFLASH テカリ1,,,,,,,,,,,,,,,,,,,,
//SRC定義,(NULL),gr,x,y,w,h,div_x,div_y,cycle,timer,type,click,panel,plusonly,,,,,,
#SRC_BUTTON,0,1,0,1200,20,126,1,2,0,0,185,0,0,0,,,,,,
//DST定義,(NULL),time,x,y,w,h,acc,a,r,g,b,blend,filter,angle,center,loop,timer,op1,op2,op3
#DST_BUTTON,0,1033,724,525,20,63,0,10,255,255,255,2,0,0,0,1033,0,0,0,0
#DST_BUTTON,0,1250,724,525,20,63,0,255,255,255,255,2,0,0,0,,,,,
#DST_BUTTON,0,1967,724,525,20,63,0,255,255,255,255,2,0,0,0,,,,,
#DST_BUTTON,0,2800,724,525,20,63,0,0,255,255,255,2,0,0,0,,,,,
#DST_BUTTON,0,4017,724,525,20,63,0,0,255,255,255,2,0,0,0,,,,,
,,,,,,,,,,,,,,,,,,,,
//BARFLASH テカリ2,,,,,,,,,,,,,,,,,,,,
//SRC定義,(NULL),gr,x,y,w,h,div_x,div_y,cycle,timer,type,click,panel,plusonly,,,,,,
#SRC_BUTTON,0,1,20,1200,526,126,1,2,0,0,185,0,0,0,,,,,,
//DST定義,(NULL),time,x,y,w,h,acc,a,r,g,b,blend,filter,angle,center,loop,timer,op1,op2,op3
#DST_BUTTON,0,1050,744,525,20,63,0,30,255,255,255,2,0,0,0,1050,0,0,0,0
#DST_BUTTON,0,1250,744,525,142,63,0,255,255,255,255,2,0,0,0,,,,,
#DST_BUTTON,0,1967,744,525,526,63,0,255,255,255,255,2,0,0,0,,,,,
#DST_BUTTON,0,2800,744,525,526,63,0,0,255,255,255,2,0,0,0,,,,,
#DST_BUTTON,0,4034,744,525,526,63,0,0,255,255,255,2,0,0,0,,,,,
,,,,,,,,,,,,,,,,,,,,
//SOUNDSET,,,,,,,,,,,,,,,,,,,,
//SRC定義,(NULL),gr,x,y,w,h,div_x,div_y,cycle,timer,type,click,panel,plusonly,,,,,,
#SRC_BUTTON,0,1,0,1200,568,126,1,2,0,0,180,0,0,0,,,,,,
//DST定義,(NULL),time,x,y,w,h,acc,a,r,g,b,blend,filter,angle,center,loop,timer,(NULL),(NULL),(NULL)
#DST_BUTTON,0,0,1293,565,568,63,2,255,255,255,255,1,0,0,0,666,0,0,0,0
#DST_BUTTON,0,666,724,565,568,63,2,255,255,255,255,1,0,0,0,,,,,
,,,,,,,,,,,,,,,,,,,,
//BARFLASH テカリ1,,,,,,,,,,,,,,,,,,,,
//SRC定義,(NULL),gr,x,y,w,h,div_x,div_y,cycle,timer,type,click,panel,plusonly,,,,,,
#SRC_BUTTON,0,1,0,1200,20,126,1,2,0,0,180,0,0,0,,,,,,
//DST定義,(NULL),time,x,y,w,h,acc,a,r,g,b,blend,filter,angle,center,loop,timer,op1,op2,op3
#DST_BUTTON,0,1033,724,565,20,63,0,10,255,255,255,2,0,0,0,1033,0,0,0,0
#DST_BUTTON,0,1250,724,565,20,63,0,255,255,255,255,2,0,0,0,,,,,
#DST_BUTTON,0,1967,724,565,20,63,0,255,255,255,255,2,0,0,0,,,,,
#DST_BUTTON,0,2800,724,565,20,63,0,0,255,255,255,2,0,0,0,,,,,
#DST_BUTTON,0,4017,724,565,20,63,0,0,255,255,255,2,0,0,0,,,,,
,,,,,,,,,,,,,,,,,,,,
//BARFLASH テカリ2,,,,,,,,,,,,,,,,,,,,
//SRC定義,(NULL),gr,x,y,w,h,div_x,div_y,cycle,timer,type,click,panel,plusonly,,,,,,
#SRC_BUTTON,0,1,20,1200,526,126,1,2,0,0,180,0,0,0,,,,,,
//DST定義,(NULL),time,x,y,w,h,acc,a,r,g,b,blend,filter,angle,center,loop,timer,op1,op2,op3
#DST_BUTTON,0,1050,744,565,20,63,0,30,255,255,255,2,0,0,0,1050,0,0,0,0
#DST_BUTTON,0,1250,744,565,142,63,0,255,255,255,255,2,0,0,0,,,,,
#DST_BUTTON,0,1967,744,565,526,63,0,255,255,255,255,2,0,0,0,,,,,
#DST_BUTTON,0,2800,744,565,526,63,0,0,255,255,255,2,0,0,0,,,,,
#DST_BUTTON,0,4034,744,565,526,63,0,0,255,255,255,2,0,0,0,,,,,
,,,,,,,,,,,,,,,,,,,,
//KEY CONFIG,,,,,,,,,,,,,,,,,,,,
//SRC定義,(NULL),gr,x,y,w,h,div_x,div_y,cycle,timer,type,click,panel,plusonly,,,,,,
#SRC_BUTTON,0,1,0,1200,568,126,1,2,0,0,178,0,0,0,,,,,,
//DST定義,(NULL),time,x,y,w,h,acc,a,r,g,b,blend,filter,angle,center,loop,timer,(NULL),(NULL),(NULL)
#DST_BUTTON,0,0,1293,85,568,63,2,255,255,255,255,1,0,0,0,666,21,0,0,0
#DST_BUTTON,0,666,724,85,568,63,2,255,255,255,255,1,0,0,0,,,,,
,,,,,,,,,,,,,,,,,,,,
//BARFLASH テカリ1,,,,,,,,,,,,,,,,,,,,
//SRC定義,(NULL),gr,x,y,w,h,div_x,div_y,cycle,timer,type,click,panel,plusonly,,,,,,
#SRC_BUTTON,0,1,0,1200,20,126,1,2,0,0,178,0,0,0,,,,,,
//DST定義,(NULL),time,x,y,w,h,acc,a,r,g,b,blend,filter,angle,center,loop,timer,op1,op2,op3
#DST_BUTTON,0,1033,724,85,20,63,0,10,255,255,255,2,0,0,0,1033,21,0,0,0
#DST_BUTTON,0,1250,724,85,20,63,0,255,255,255,255,2,0,0,0,,,,,
#DST_BUTTON,0,1967,724,85,20,63,0,255,255,255,255,2,0,0,0,,,,,
#DST_BUTTON,0,2800,724,85,20,63,0,0,255,255,255,2,0,0,0,,,,,
#DST_BUTTON,0,4017,724,85,20,63,0,0,255,255,255,2,0,0,0,,,,,
,,,,,,,,,,,,,,,,,,,,
//BARFLASH テカリ2,,,,,,,,,,,,,,,,,,,,
//SRC定義,(NULL),gr,x,y,w,h,div_x,div_y,cycle,timer,type,click,panel,plusonly,,,,,,
#SRC_BUTTON,0,1,20,1200,526,126,1,2,0,0,178,0,0,0,,,,,,
//DST定義,(NULL),time,x,y,w,h,acc,a,r,g,b,blend,filter,angle,center,loop,timer,op1,op2,op3
#DST_BUTTON,0,1050,744,85,20,63,0,30,255,255,255,2,0,0,0,1050,21,0,0,0
#DST_BUTTON,0,1250,744,85,142,63,0,255,255,255,255,2,0,0,0,,,,,
#DST_BUTTON,0,1967,744,85,526,63,0,255,255,255,255,2,0,0,0,,,,,
#DST_BUTTON,0,2800,744,85,526,63,0,0,255,255,255,2,0,0,0,,,,,
#DST_BUTTON,0,4034,744,85,526,63,0,0,255,255,255,2,0,0,0,,,,,
,,,,,,,,,,,,,,,,,,,,
//SKIN SEL,,,,,,,,,,,,,,,,,,,,
//SRC定義,(NULL),gr,x,y,w,h,div_x,div_y,cycle,timer,type,click,panel,plusonly,,,,,,
#SRC_BUTTON,0,1,0,1200,568,126,1,2,0,0,179,0,0,0,,,,,,
//DST定義,(NULL),time,x,y,w,h,acc,a,r,g,b,blend,filter,angle,center,loop,timer,(NULL),(NULL),(NULL)
#DST_BUTTON,0,0,1293,605,568,63,2,255,255,255,255,1,0,0,0,666,21,0,0,0
#DST_BUTTON,0,666,724,605,568,63,2,255,255,255,255,1,0,0,0,,,,,
,,,,,,,,,,,,,,,,,,,,
//BARFLASH テカリ1,,,,,,,,,,,,,,,,,,,,
//SRC定義,(NULL),gr,x,y,w,h,div_x,div_y,cycle,timer,type,click,panel,plusonly,,,,,,
#SRC_BUTTON,0,1,0,1200,20,126,1,2,0,0,179,0,0,0,,,,,,
//DST定義,(NULL),time,x,y,w,h,acc,a,r,g,b,blend,filter,angle,center,loop,timer,op1,op2,op3
#DST_BUTTON,0,1033,724,605,20,63,0,10,255,255,255,2,0,0,0,1033,21,0,0,0
#DST_BUTTON,0,1250,724,605,20,63,0,255,255,255,255,2,0,0,0,,,,,
#DST_BUTTON,0,1967,724,605,20,63,0,255,255,255,255,2,0,0,0,,,,,
#DST_BUTTON,0,2800,724,605,20,63,0,0,255,255,255,2,0,0,0,,,,,
#DST_BUTTON,0,4017,724,605,20,63,0,0,255,255,255,2,0,0,0,,,,,
,,,,,,,,,,,,,,,,,,,,
//BARFLASH テカリ2,,,,,,,,,,,,,,,,,,,,
//SRC定義,(NULL),gr,x,y,w,h,div_x,div_y,cycle,timer,type,click,panel,plusonly,,,,,,
#SRC_BUTTON,0,1,20,1200,526,126,1,2,0,0,179,0,0,0,,,,,,
//DST定義,(NULL),time,x,y,w,h,acc,a,r,g,b,blend,filter,angle,center,loop,timer,op1,op2,op3
#DST_BUTTON,0,1050,744,605,20,63,0,30,255,255,255,2,0,0,0,1050,21,0,0,0
#DST_BUTTON,0,1250,744,605,142,63,0,255,255,255,255,2,0,0,0,,,,,
#DST_BUTTON,0,1967,744,605,526,63,0,255,255,255,255,2,0,0,0,,,,,
#DST_BUTTON,0,2800,744,605,526,63,0,0,255,255,255,2,0,0,0,,,,,
#DST_BUTTON,0,4034,744,605,526,63,0,0,255,255,255,2,0,0,0,,,,,
,,,,,,,,,,,,,,,,,,,,
,,,,,,,,,,,,,,,,,,,,
,,,,,,,,,,,,,,,,,,,,
,,,,,,,,,,,,,,,,,,,,
,,,,,,,,,,,,,,,,,,,,
,,,,,,,,,,,,,,,,,,,,
,,,,,,,,,,,,,,,,,,,,
,,,,,,,,,,,,,,,,,,,,
,,,,,,,,,,,,,,,,,,,,
,,,,,,,,,,,,,,,,,,,,
,,,,,,,,,,,,,,,,,,,,
///////////////////////////START OF BG BLOCK. DON'T TOUCH IF UNNECESSARY.////////////////////////////,,,,,,,,,,,,,,,,,,,,
//TIMEREMAIN下パーツ(開幕)1,,,,,,,,,,,,,,,,,,,,
//SRC定義,(NULL),gr,x,y,w,h,div_x,div_y,cycle,timer,op1,op2,op3,,,,,,,
#SRC_IMAGE,0,0,2100,0,207,339,1,1,0,0,0,0,0,,,,,,,
//DST定義,(NULL),time,x,y,w,h,acc,a,r,g,b,blend,filter,angle,center,loop,timer,op1,op2,op3
#DST_IMAGE,0,216,1280,90,207,339,0,0,255,255,255,1,0,90,8,-1,0,0,0,0
#DST_IMAGE,0,450,1080,90,207,339,0,220,255,255,255,1,0,90,8,,,,,
#DST_IMAGE,0,500,1080,90,207,339,0,255,255,255,255,1,0,90,8,,,,,
,,,,,,,,,,,,,,,,,,,,
,,,,,,,,,,,,,,,,,,,,
,,,,,,,,,,,,,,,,,,,,
,,,,,,,,,,,,,,,,,,,,
//TIMEREMAIN下パーツ(開幕)2,,,,,,,,,,,,,,,,,,,,
//SRC定義,(NULL),gr,x,y,w,h,div_x,div_y,cycle,timer,op1,op2,op3,,,,,,,
#SRC_IMAGE,0,0,2100,0,207,339,1,1,0,0,0,0,0,,,,,,,
//DST定義,(NULL),time,x,y,w,h,acc,a,r,g,b,blend,filter,angle,center,loop,timer,op1,op2,op3
#DST_IMAGE,0,500,1080,90,207,339,0,255,255,255,255,1,0,90,8,-1,0,0,0,0
#DST_IMAGE,0,750,1075,95,207,339,0,255,255,255,255,1,0,0,8,,,,,
,,,,,,,,,,,,,,,,,,,,
//TIMEREMAIN下パーツ1,,,,,,,,,,,,,,,,,,,,
//SRC定義,(NULL),gr,x,y,w,h,div_x,div_y,cycle,timer,op1,op2,op3,,,,,,,
#SRC_IMAGE,0,0,2100,340,207,300,1,1,0,0,0,0,0,,,,,,,
//DST定義,(NULL),time,x,y,w,h,acc,a,r,g,b,blend,filter,angle,center,loop,timer,op1,op2,op3
#DST_IMAGE,0,750,1075,95,207,300,0,255,255,255,255,1,0,0,0,750,0,0,0,0
,,,,,,,,,,,,,,,,,,,,
//TIMEREMAIN下パーツ2,,,,,,,,,,,,,,,,,,,,
//SRC定義,(NULL),gr,x,y,w,h,div_x,div_y,cycle,timer,op1,op2,op3,,,,,,,
#SRC_IMAGE,0,0,2340,0,62,258,1,1,0,0,0,0,0,,,,,,,
//DST定義,(NULL),time,x,y,w,h,acc,a,r,g,b,blend,filter,angle,center,loop,timer,op1,op2,op3
#DST_IMAGE,0,750,1220,180,62,258,0,255,255,255,255,1,0,0,0,916,0,0,0,0
#DST_IMAGE,0,866,1220,309,62,258,0,255,255,255,255,1,0,0,0,,,,,
#DST_IMAGE,0,916,1220,306,62,258,0,255,255,255,255,1,0,0,0,,,,,
,,,,,,,,,,,,,,,,,,,,
,,,,,,,,,,,,,,,,,,,,
,,,,,,,,,,,,,,,,,,,,
//開幕わっか1,,,,,,,,,,,,,,,,,,,,
//SRC定義,(NULL),gr,x,y,w,h,div_x,div_y,cycle,timer,op1,op2,op3,,,,,,,
#SRC_IMAGE,0,2,0,720,1000,1000,1,1,0,0,0,0,0,,,,,,,
//DST定義,(NULL),time,x,y,w,h,acc,a,r,g,b,blend,filter,angle,center,loop,timer,op1,op2,op3
#DST_IMAGE,0,0,40,-240,1200,1200,0,255,255,255,255,1,0,0,0,-1,0,0,0,0
#DST_IMAGE,0,966,140,-140,1000,1000,0,0,255,255,255,1,0,0,0,,,,,
,,,,,,,,,,,,,,,,,,,,
//開幕わっか2,,,,,,,,,,,,,,,,,,,,
//SRC定義,(NULL),gr,x,y,w,h,div_x,div_y,cycle,timer,op1,op2,op3,,,,,,,
#SRC_IMAGE,0,2,1000,720,436,436,1,1,0,0,0,0,0,,,,,,,
//DST定義,(NULL),time,x,y,w,h,acc,a,r,g,b,blend,filter,angle,center,loop,timer,op1,op2,op3
#DST_IMAGE,0,0,480,202,320,320,0,255,255,255,255,1,0,0,0,-1,0,0,0,0
#DST_IMAGE,0,500,480,202,320,320,0,255,255,255,255,1,0,0,0,,,,,
#DST_IMAGE,0,933,480,202,320,320,0,0,255,255,255,1,0,0,0,,,,,
,,,,,,,,,,,,,,,,,,,,
//フェードイン1,,,,,,,,,,,,,,,,,,,,
//SRC定義,(NULL),gr,x,y,w,h,div_x,div_y,cycle,timer,op1,op2,op3,,,,,,,
#SRC_IMAGE,0,111,0,0,1,1,1,1,0,0,0,0,0,,,,,,,
//DST定義,(NULL),time,x,y,w,h,acc,a,r,g,b,blend,filter,angle,center,loop,timer,op1,op2,op3
#DST_IMAGE,0,0,0,0,1280,720,0,255,255,255,255,1,0,0,0,-1,0,0,0,0
#DST_IMAGE,0,666,0,0,1280,720,0,100,255,255,255,1,0,0,0,,,,,
#DST_IMAGE,0,966,0,360,1280,0,0,0,255,255,255,1,0,0,0,,,,,
,,,,,,,,,,,,,,,,,,,,
//開幕わっか3,,,,,,,,,,,,,,,,,,,,
//SRC定義,(NULL),gr,x,y,w,h,div_x,div_y,cycle,timer,op1,op2,op3,,,,,,,
#SRC_IMAGE,0,2,1436,720,1024,1024,1,1,0,0,0,0,0,,,,,,,
//DST定義,(NULL),time,x,y,w,h,acc,a,r,g,b,blend,filter,angle,center,loop,timer,op1,op2,op3
#DST_IMAGE,0,0,130,-147,1024,1024,0,255,255,255,255,1,0,0,0,-1,0,0,0,0
#DST_IMAGE,0,300,-44,-43,1280,750,0,255,255,255,255,1,0,-45,0,,,,,
#DST_IMAGE,0,433,-170,48,1500,570,0,255,255,255,255,1,0,-55,0,,,,,
#DST_IMAGE,0,633,-258,336,1700,75,0,0,255,255,255,1,0,-75,0,,,,,
,,,,,,,,,,,,,,,,,,,,
//開幕わっか4,,,,,,,,,,,,,,,,,,,,
//SRC定義,(NULL),gr,x,y,w,h,div_x,div_y,cycle,timer,op1,op2,op3,,,,,,,
#SRC_IMAGE,0,2,0,1720,619,619,1,1,0,0,0,0,0,,,,,,,
//DST定義,(NULL),time,x,y,w,h,acc,a,r,g,b,blend,filter,angle,center,loop,timer,op1,op2,op3
#DST_IMAGE,0,0,270,-9,740,739,0,255,255,255,255,1,0,0,0,-1,0,0,0,0
#DST_IMAGE,0,366,240,-93,700,900,0,255,255,255,255,1,0,20,0,,,,,
#DST_IMAGE,0,600,620,-145,40,975,0,255,255,255,255,1,0,-10,0,,,,,
#DST_IMAGE,0,900,564,-352,200,1350,0,0,255,255,255,1,0,-75,0,,,,,
,,,,,,,,,,,,,,,,,,,,
//開幕わっか5,,,,,,,,,,,,,,,,,,,,
//SRC定義,(NULL),gr,x,y,w,h,div_x,div_y,cycle,timer,op1,op2,op3,,,,,,,
#SRC_IMAGE,0,2,620,1720,1000,1000,1,1,0,0,0,0,0,,,,,,,
//DST定義,(NULL),time,x,y,w,h,acc,a,r,g,b,blend,filter,angle,center,loop,timer,op1,op2,op3
#DST_IMAGE,0,0,300,24,680,670,0,255,255,255,255,1,0,0,0,-1,0,0,0,0
#DST_IMAGE,0,233,282,-9,740,730,0,255,255,255,255,1,0,0,0,,,,,
#DST_IMAGE,0,533,268,-105,800,840,0,255,255,255,255,1,0,-30,0,,,,,
#DST_IMAGE,0,683,448,-190,460,1050,0,100,255,255,255,1,0,-40,0,,,,,
#DST_IMAGE,0,783,608,-322,40,1350,0,50,255,255,255,1,0,-36,0,,,,,
#DST_IMAGE,0,983,-124,-447,1000,1650,0,0,255,255,255,1,0,-19,0,,,,,
,,,,,,,,,,,,,,,,,,,,
//開幕わっか6,,,,,,,,,,,,,,,,,,,,
//SRC定義,(NULL),gr,x,y,w,h,div_x,div_y,cycle,timer,op1,op2,op3,,,,,,,
#SRC_IMAGE,0,2,1700,1840,448,448,1,1,0,0,0,0,0,,,,,,,
//DST定義,(NULL),time,x,y,w,h,acc,a,r,g,b,blend,filter,angle,center,loop,timer,op1,op2,op3
#DST_IMAGE,0,0,416,135,448,448,0,255,255,255,255,1,0,0,0,-1,0,0,0,0
#DST_IMAGE,0,200,408,124,460,460,0,255,255,255,255,1,0,0,0,,,,,
#DST_IMAGE,0,650,598,73,100,570,0,0,255,255,255,1,0,-30,0,,,,,
,,,,,,,,,,,,,,,,,,,,
//フェードイン1,,,,,,,,,,,,,,,,,,,,
//SRC定義,(NULL),gr,x,y,w,h,div_x,div_y,cycle,timer,op1,op2,op3,,,,,,,
#SRC_IMAGE,0,2,1120,1230,190,190,1,1,0,0,0,0,0,,,,,,,
//DST定義,(NULL),time,x,y,w,h,acc,a,r,g,b,blend,filter,angle,center,loop,timer,op1,op2,op3
#DST_IMAGE,0,0,548,270,182,180,0,255,255,255,255,1,0,0,0,-1,0,0,0,0
#DST_IMAGE,0,300,528,249,220,217,0,255,255,255,255,1,0,0,0,,,,,
#DST_IMAGE,0,500,608,229,80,255,0,150,255,255,255,1,0,-40,0,,,,,
#DST_IMAGE,0,816,308,-96,520,900,0,0,255,255,255,1,0,-15,0,,,,,
,,,,,,,,,,,,,,,,,,,,
//開幕わっか8,,,,,,,,,,,,,,,,,,,,
//SRC定義,(NULL),gr,x,y,w,h,div_x,div_y,cycle,timer,op1,op2,op3,,,,,,,
#SRC_IMAGE,0,2,0,2400,486,486,1,1,0,0,0,0,0,,,,,,,
//DST定義,(NULL),time,x,y,w,h,acc,a,r,g,b,blend,filter,angle,center,loop,timer,op1,op2,op3
#DST_IMAGE,0,0,398,132,484,454,0,200,255,255,255,1,0,0,0,-1,0,0,0,0
#DST_IMAGE,0,366,376,96,520,519,0,200,255,255,255,1,0,0,0,,,,,
#DST_IMAGE,0,500,478,84,340,547,0,100,255,255,255,1,0,-23,0,,,,,
#DST_IMAGE,0,733,624,-7,40,720,0,0,255,255,255,1,0,-33,0,,,,,
,,,,,,,,,,,,,,,,,,,,
//開幕わっか9,,,,,,,,,,,,,,,,,,,,
//SRC定義,(NULL),gr,x,y,w,h,div_x,div_y,cycle,timer,op1,op2,op3,,,,,,,
#SRC_IMAGE,0,2,1020,1465,166,166,1,1,0,0,0,0,0,,,,,,,
//DST定義,(NULL),time,x,y,w,h,acc,a,r,g,b,blend,filter,angle,center,loop,timer,op1,op2,op3
#DST_IMAGE,0,0,558,556,162,163,0,255,255,255,255,1,0,0,0,-1,0,0,0,0
#DST_IMAGE,0,300,554,268,180,181,0,200,255,255,255,1,0,0,0,,,,,
#DST_IMAGE,0,700,622,187,40,345,0,0,255,255,255,1,0,16,0,,,,,
,,,,,,,,,,,,,,,,,,,,
//開幕わっか10,,,,,,,,,,,,,,,,,,,,
//SRC定義,(NULL),gr,x,y,w,h,div_x,div_y,cycle,timer,op1,op2,op3,,,,,,,
#SRC_IMAGE,0,2,1725,2340,300,300,1,1,0,0,0,0,0,,,,,,,
//DST定義,(NULL),time,x,y,w,h,acc,a,r,g,b,blend,filter,angle,center,loop,timer,op1,op2,op3
#DST_IMAGE,0,0,496,219,286,280,0,255,255,255,255,1,0,0,0,-1,0,0,0,0
#DST_IMAGE,0,266,466,195,340,333,0,255,255,255,255,1,0,0,0,,,,,
#DST_IMAGE,0,683,594,48,60,600,0,0,255,255,255,1,0,19,0,,,,,
,,,,,,,,,,,,,,,,,,,,
//開幕わっか11,,,,,,,,,,,,,,,,,,,,
//SRC定義,(NULL),gr,x,y,w,h,div_x,div_y,cycle,timer,op1,op2,op3,,,,,,,
#SRC_IMAGE,0,2,2070,2340,214,214,1,1,0,0,0,0,0,,,,,,,
//DST定義,(NULL),time,x,y,w,h,acc,a,r,g,b,blend,filter,angle,center,loop,timer,op1,op2,op3
#DST_IMAGE,0,0,534,253,212,211,0,255,255,255,255,1,0,0,0,-1,0,0,0,0
#DST_IMAGE,0,300,516,240,240,240,0,255,255,255,255,1,0,0,0,,,,,
#DST_IMAGE,0,633,612,175,40,375,0,0,255,255,255,1,0,17,0,,,,,
,,,,,,,,,,,,,,,,,,,,
#IF,965,,,,,,,,,,,,,,,,,,,
#ELSE,,,,,,,,,,,,,,,,,,,,
//フェードインイベント用,,,,,,,,,,,,,,,,,,,,
//SRC定義,(NULL),gr,x,y,w,h,div_x,div_y,cycle,timer,op1,op2,op3,,,,,,,
#SRC_IMAGE,0,9,557,700,1,1,1,1,0,0,0,0,0,,,,,,,
//DST定義,(NULL),time,x,y,w,h,acc,a,r,g,b,blend,filter,angle,center,loop,timer,op1,op2,op3
#DST_IMAGE,0,0,0,0,1280,720,0,100,255,255,255,1,0,0,0,-1,0,0,0,0
#DST_IMAGE,0,850,0,0,1280,720,0,100,255,255,255,1,0,0,0,,,,,
#DST_IMAGE,0,983,0,0,1280,720,0,0,255,255,255,1,0,0,0,,,,,
#ENDIF,,,,,,,,,,,,,,,,,,,,
,,,,,,,,,,,,,,,,,,,,
//上黒いの1,,,,,,,,,,,,,,,,,,,,
//SRC定義,(NULL),gr,x,y,w,h,div_x,div_y,cycle,timer,op1,op2,op3,,,,,,,
#SRC_IMAGE,0,0,580,0,872,92,1,1,0,0,0,0,0,,,,,,,
//DST定義,(NULL),time,x,y,w,h,acc,a,r,g,b,blend,filter,angle,center,loop,timer,op1,op2,op3
#DST_IMAGE,0,0,620,133,872,92,0,100,255,255,255,1,0,0,0,1000,0,0,0,0
#DST_IMAGE,0,666,334,133,872,92,0,100,255,255,255,1,0,0,0,,,,,
#DST_IMAGE,0,1000,334,39,872,92,0,100,255,255,255,1,0,0,0,,,,,
#DST_IMAGE,0,17000,1210,39,872,92,0,100,255,255,255,1,0,0,0,,,,,
,,,,,,,,,,,,,,,,,,,,
//上黒いの1 数列,,,,,,,,,,,,,,,,,,,,
//SRC定義,(NULL),gr,x,y,w,h,div_x,div_y,cycle,timer,op1,op2,op3,,,,,,,
#SRC_IMAGE,0,0,315,230,220,24,5,3,300,0,0,0,0,,,,,,,
//DST定義,(NULL),time,x,y,w,h,acc,a,r,g,b,blend,filter,angle,center,loop,timer,op1,op2,op3
#DST_IMAGE,0,0,992,219,44,8,0,100,255,255,255,1,0,0,0,1000,0,0,0,0
#DST_IMAGE,0,666,706,219,44,8,0,100,255,255,255,1,0,0,0,,,,,
#DST_IMAGE,0,1000,706,124,44,8,0,100,255,255,255,1,0,0,0,,,,,
#DST_IMAGE,0,17000,1582,124,44,8,0,100,255,255,255,1,0,0,0,,,,,
,,,,,,,,,,,,,,,,,,,,
//開幕わっか10,,,,,,,,,,,,,,,,,,,,
//SRC定義,(NULL),gr,x,y,w,h,div_x,div_y,cycle,timer,op1,op2,op3,,,,,,,
#SRC_IMAGE,0,0,580,0,872,92,1,1,0,0,0,0,0,,,,,,,
//DST定義,(NULL),time,x,y,w,h,acc,a,r,g,b,blend,filter,angle,center,loop,timer,op1,op2,op3
#DST_IMAGE,0,0,-256,133,872,92,0,100,255,255,255,1,0,0,0,1000,0,0,0,0
#DST_IMAGE,0,666,-542,133,872,92,0,100,255,255,255,1,0,0,0,,,,,
#DST_IMAGE,0,1000,-542,39,872,92,0,100,255,255,255,1,0,0,0,,,,,
#DST_IMAGE,0,17000,334,39,872,92,0,100,255,255,255,1,0,0,0,,,,,
,,,,,,,,,,,,,,,,,,,,
//上黒いの2 数列,,,,,,,,,,,,,,,,,,,,
//SRC定義,(NULL),gr,x,y,w,h,div_x,div_y,cycle,timer,op1,op2,op3,,,,,,,
#SRC_IMAGE,0,0,315,230,220,24,5,3,300,0,0,0,0,,,,,,,
//DST定義,(NULL),time,x,y,w,h,acc,a,r,g,b,blend,filter,angle,center,loop,timer,op1,op2,op3
#DST_IMAGE,0,0,116,219,44,8,0,100,255,255,255,1,0,0,0,1000,0,0,0,0
#DST_IMAGE,0,666,-170,219,44,8,0,100,255,255,255,1,0,0,0,,,,,
#DST_IMAGE,0,1000,-170,124,44,8,0,100,255,255,255,1,0,0,0,,,,,
#DST_IMAGE,0,17000,706,124,44,8,0,100,255,255,255,1,0,0,0,,,,,
,,,,,,,,,,,,,,,,,,,,
//上黒いの3,,,,,,,,,,,,,,,,,,,,
//SRC定義,(NULL),gr,x,y,w,h,div_x,div_y,cycle,timer,op1,op2,op3,,,,,,,
#SRC_IMAGE,0,0,580,0,872,92,1,1,0,0,0,0,0,,,,,,,
//DST定義,(NULL),time,x,y,w,h,acc,a,r,g,b,blend,filter,angle,center,loop,timer,op1,op2,op3
#DST_IMAGE,0,1000,-1418,39,872,92,0,100,255,255,255,1,0,0,0,1000,0,0,0,0
#DST_IMAGE,0,17000,-542,39,872,92,0,100,255,255,255,1,0,0,0,,,,,
,,,,,,,,,,,,,,,,,,,,
//上黒いの3 数列,,,,,,,,,,,,,,,,,,,,
//SRC定義,(NULL),gr,x,y,w,h,div_x,div_y,cycle,timer,op1,op2,op3,,,,,,,
#SRC_IMAGE,0,0,315,230,220,24,5,3,300,0,0,0,0,,,,,,,
//DST定義,(NULL),time,x,y,w,h,acc,a,r,g,b,blend,filter,angle,center,loop,timer,op1,op2,op3
#DST_IMAGE,0,1000,-1046,124,44,8,0,100,255,255,255,1,0,0,0,1000,0,0,0,0
#DST_IMAGE,0,17000,-170,124,44,8,0,100,255,255,255,1,0,0,0,,,,,
,,,,,,,,,,,,,,,,,,,,
//下黒いの1,,,,,,,,,,,,,,,,,,,,
//SRC定義,(NULL),gr,x,y,w,h,div_x,div_y,cycle,timer,op1,op2,op3,,,,,,,
#SRC_IMAGE,0,0,580,92,798,102,1,1,0,0,0,0,0,,,,,,,
//DST定義,(NULL),time,x,y,w,h,acc,a,r,g,b,blend,filter,angle,center,loop,timer,op1,op2,op3
#DST_IMAGE,0,0,-314,478,798,102,0,100,255,255,255,1,0,0,0,1000,0,0,0,0
#DST_IMAGE,0,666,-28,478,798,102,0,100,255,255,255,1,0,0,0,,,,,
#DST_IMAGE,0,1000,-28,628,798,102,0,100,255,255,255,1,0,0,0,,,,,
#DST_IMAGE,0,9010,-826,628,798,102,0,100,255,255,255,1,0,0,0,,,,,
#DST_IMAGE,0,9011,-28,628,798,102,0,100,255,255,255,1,0,0,0,,,,,
#DST_IMAGE,0,17000,-826,628,798,102,0,100,255,255,255,1,0,0,0,,,,,
,,,,,,,,,,,,,,,,,,,,
//下黒いの1 数列1,,,,,,,,,,,,,,,,,,,,
//SRC定義,(NULL),gr,x,y,w,h,div_x,div_y,cycle,timer,op1,op2,op3,,,,,,,
#SRC_IMAGE,0,0,315,230,220,24,5,3,300,0,0,0,0,,,,,,,
//DST定義,(NULL),time,x,y,w,h,acc,a,r,g,b,blend,filter,angle,center,loop,timer,op1,op2,op3
#DST_IMAGE,0,0,-304,541,44,8,0,100,255,255,255,1,0,0,0,1000,0,0,0,0
#DST_IMAGE,0,666,-18,541,44,8,0,100,255,255,255,1,0,0,0,,,,,
#DST_IMAGE,0,1000,-18,691,44,8,0,100,255,255,255,1,0,0,0,,,,,
#DST_IMAGE,0,9010,-816,691,44,8,0,100,255,255,255,1,0,0,0,,,,,
#DST_IMAGE,0,9011,-18,691,44,8,0,100,255,255,255,1,0,0,0,,,,,
#DST_IMAGE,0,17000,-816,691,44,8,0,100,255,255,255,1,0,0,0,,,,,
,,,,,,,,,,,,,,,,,,,,
//下黒いの1 数列2,,,,,,,,,,,,,,,,,,,,
//SRC定義,(NULL),gr,x,y,w,h,div_x,div_y,cycle,timer,op1,op2,op3,,,,,,,
#SRC_IMAGE,0,0,315,230,220,24,5,3,300,0,0,0,0,,,,,,,
//DST定義,(NULL),time,x,y,w,h,acc,a,r,g,b,blend,filter,angle,center,loop,timer,op1,op2,op3
#DST_IMAGE,0,0,-66,495,44,8,0,100,255,255,255,1,0,0,0,1000,0,0,0,0
#DST_IMAGE,0,666,220,495,44,8,0,100,255,255,255,1,0,0,0,,,,,
#DST_IMAGE,0,1000,220,645,44,8,0,100,255,255,255,1,0,0,0,,,,,
#DST_IMAGE,0,9010,-578,645,44,8,0,100,255,255,255,1,0,0,0,,,,,
#DST_IMAGE,0,9011,220,645,44,8,0,100,255,255,255,1,0,0,0,,,,,
#DST_IMAGE,0,17000,-578,645,44,8,0,100,255,255,255,1,0,0,0,,,,,
,,,,,,,,,,,,,,,,,,,,
//下黒いの2,,,,,,,,,,,,,,,,,,,,
//SRC定義,(NULL),gr,x,y,w,h,div_x,div_y,cycle,timer,op1,op2,op3,,,,,,,
#SRC_IMAGE,0,0,580,92,798,102,1,1,0,0,0,0,0,,,,,,,
//DST定義,(NULL),time,x,y,w,h,acc,a,r,g,b,blend,filter,angle,center,loop,timer,op1,op2,op3
#DST_IMAGE,0,0,484,478,798,102,0,100,255,255,255,1,0,0,0,1000,0,0,0,0
#DST_IMAGE,0,666,770,478,798,102,0,100,255,255,255,1,0,0,0,,,,,
#DST_IMAGE,0,1000,770,628,798,102,0,100,255,255,255,1,0,0,0,,,,,
#DST_IMAGE,0,9010,-28,628,798,102,0,100,255,255,255,1,0,0,0,,,,,
#DST_IMAGE,0,9011,770,628,798,102,0,100,255,255,255,1,0,0,0,,,,,
#DST_IMAGE,0,17000,-28,628,798,102,0,100,255,255,255,1,0,0,0,,,,,
,,,,,,,,,,,,,,,,,,,,
//下黒いの2 数列1,,,,,,,,,,,,,,,,,,,,
//SRC定義,(NULL),gr,x,y,w,h,div_x,div_y,cycle,timer,op1,op2,op3,,,,,,,
#SRC_IMAGE,0,0,315,230,220,24,5,3,300,0,0,0,0,,,,,,,
//DST定義,(NULL),time,x,y,w,h,acc,a,r,g,b,blend,filter,angle,center,loop,timer,op1,op2,op3
#DST_IMAGE,0,0,494,541,44,8,0,100,255,255,255,1,0,0,0,1000,0,0,0,0
#DST_IMAGE,0,666,780,541,44,8,0,100,255,255,255,1,0,0,0,,,,,
#DST_IMAGE,0,1000,780,691,44,8,0,100,255,255,255,1,0,0,0,,,,,
#DST_IMAGE,0,9010,-18,691,44,8,0,100,255,255,255,1,0,0,0,,,,,
#DST_IMAGE,0,9011,780,691,44,8,0,100,255,255,255,1,0,0,0,,,,,
#DST_IMAGE,0,17000,-18,691,44,8,0,100,255,255,255,1,0,0,0,,,,,
,,,,,,,,,,,,,,,,,,,,
//下黒いの2 数列2,,,,,,,,,,,,,,,,,,,,
//SRC定義,(NULL),gr,x,y,w,h,div_x,div_y,cycle,timer,op1,op2,op3,,,,,,,
#SRC_IMAGE,0,0,315,230,220,24,5,3,300,0,0,0,0,,,,,,,
//DST定義,(NULL),time,x,y,w,h,acc,a,r,g,b,blend,filter,angle,center,loop,timer,op1,op2,op3
#DST_IMAGE,0,0,732,495,44,8,0,100,255,255,255,1,0,0,0,1000,0,0,0,0
#DST_IMAGE,0,666,1018,495,44,8,0,100,255,255,255,1,0,0,0,,,,,
#DST_IMAGE,0,1000,1018,645,44,8,0,100,255,255,255,1,0,0,0,,,,,
#DST_IMAGE,0,9010,220,645,44,8,0,100,255,255,255,1,0,0,0,,,,,
#DST_IMAGE,0,9011,1018,645,44,8,0,100,255,255,255,1,0,0,0,,,,,
#DST_IMAGE,0,17000,220,645,44,8,0,100,255,255,255,1,0,0,0,,,,,
,,,,,,,,,,,,,,,,,,,,
//下黒いの3,,,,,,,,,,,,,,,,,,,,
//SRC定義,(NULL),gr,x,y,w,h,div_x,div_y,cycle,timer,op1,op2,op3,,,,,,,
#SRC_IMAGE,0,0,580,92,798,102,1,1,0,0,0,0,0,,,,,,,
//DST定義,(NULL),time,x,y,w,h,acc,a,r,g,b,blend,filter,angle,center,loop,timer,op1,op2,op3
#DST_IMAGE,0,1000,1568,628,798,102,0,100,255,255,255,1,0,0,0,1000,0,0,0,0
#DST_IMAGE,0,9010,770,628,798,102,0,100,255,255,255,1,0,0,0,,,,,
#DST_IMAGE,0,9011,1568,628,798,102,0,100,255,255,255,1,0,0,0,,,,,
#DST_IMAGE,0,17000,770,628,798,102,0,100,255,255,255,1,0,0,0,,,,,
,,,,,,,,,,,,,,,,,,,,
//下黒いの3 数列1,,,,,,,,,,,,,,,,,,,,
//SRC定義,(NULL),gr,x,y,w,h,div_x,div_y,cycle,timer,op1,op2,op3,,,,,,,
#SRC_IMAGE,0,0,315,230,220,24,5,3,300,0,0,0,0,,,,,,,
//DST定義,(NULL),time,x,y,w,h,acc,a,r,g,b,blend,filter,angle,center,loop,timer,op1,op2,op3
#DST_IMAGE,0,1000,1578,691,44,8,0,100,255,255,255,1,0,0,0,1000,0,0,0,0
#DST_IMAGE,0,9010,780,691,44,8,0,100,255,255,255,1,0,0,0,,,,,
#DST_IMAGE,0,9011,1578,691,44,8,0,100,255,255,255,1,0,0,0,,,,,
#DST_IMAGE,0,17000,780,691,44,8,0,100,255,255,255,1,0,0,0,,,,,
,,,,,,,,,,,,,,,,,,,,
//下黒いの3 数列2,,,,,,,,,,,,,,,,,,,,
//SRC定義,(NULL),gr,x,y,w,h,div_x,div_y,cycle,timer,op1,op2,op3,,,,,,,
#SRC_IMAGE,0,0,315,230,220,24,5,3,300,0,0,0,0,,,,,,,
//DST定義,(NULL),time,x,y,w,h,acc,a,r,g,b,blend,filter,angle,center,loop,timer,op1,op2,op3
#DST_IMAGE,0,1000,1816,645,44,8,0,100,255,255,255,1,0,0,0,1000,0,0,0,0
#DST_IMAGE,0,9010,1018,645,44,8,0,100,255,255,255,1,0,0,0,,,,,
#DST_IMAGE,0,9011,1816,645,44,8,0,100,255,255,255,1,0,0,0,,,,,
#DST_IMAGE,0,17000,1018,645,44,8,0,100,255,255,255,1,0,0,0,,,,,
,,,,,,,,,,,,,,,,,,,,
//上黒いの4,,,,,,,,,,,,,,,,,,,,
//SRC定義,(NULL),gr,x,y,w,h,div_x,div_y,cycle,timer,op1,op2,op3,,,,,,,
#SRC_IMAGE,0,0,580,194,516,68,1,1,0,0,0,0,0,,,,,,,
//DST定義,(NULL),time,x,y,w,h,acc,a,r,g,b,blend,filter,angle,center,loop,timer,op1,op2,op3
#DST_IMAGE,0,566,-516,64,516,68,0,255,255,255,255,1,0,0,0,983,0,0,0,0
#DST_IMAGE,0,966,730,64,516,68,0,255,255,255,255,1,0,0,0,,,,,
#DST_IMAGE,0,983,734,64,516,68,0,255,255,255,255,1,0,0,0,,,,,
,,,,,,,,,,,,,,,,,,,,
//上白いの1-1,,,,,,,,,,,,,,,,,,,,
//SRC定義,(NULL),gr,x,y,w,h,div_x,div_y,cycle,timer,op1,op2,op3,,,,,,,
#SRC_IMAGE,0,9,0,0,1458,112,1,1,0,0,0,0,0,,,,,,,
//DST定義,(NULL),time,x,y,w,h,acc,a,r,g,b,blend,filter,angle,center,loop,timer,op1,op2,op3
#DST_IMAGE,0,0,474,187,1458,112,0,200,255,255,255,1,0,0,0,1000,0,-967,-968,0
#DST_IMAGE,0,666,0,187,1458,112,0,200,255,255,255,1,0,0,0,,,,,
#DST_IMAGE,0,1000,0,2,1458,112,0,200,255,255,255,1,0,0,0,,,,,
#DST_IMAGE,0,17000,1458,2,1458,112,0,200,255,255,255,1,0,0,0,,,,,
,,,,,,,,,,,,,,,,,,,,
//上白いの1-2,,,,,,,,,,,,,,,,,,,,
//SRC定義,(NULL),gr,x,y,w,h,div_x,div_y,cycle,timer,op1,op2,op3,,,,,,,
#SRC_IMAGE,0,9,0,0,1458,112,1,1,0,0,0,0,0,,,,,,,
//DST定義,(NULL),time,x,y,w,h,acc,a,r,g,b,blend,filter,angle,center,loop,timer,op1,op2,op3
#DST_IMAGE,0,0,-984,187,1458,112,0,200,255,255,255,1,0,0,0,1000,0,-967,-968,0
#DST_IMAGE,0,666,-1458,187,1458,112,0,200,255,255,255,1,0,0,0,,,,,
#DST_IMAGE,0,1000,-1458,2,1458,112,0,200,255,255,255,1,0,0,0,,,,,
#DST_IMAGE,0,17000,0,2,1458,112,0,200,255,255,255,1,0,0,0,,,,,
,,,,,,,,,,,,,,,,,,,,
//上白いの1-1,,,,,,,,,,,,,,,,,,,,
//SRC定義,(NULL),gr,x,y,w,h,div_x,div_y,cycle,timer,op1,op2,op3,,,,,,,
#SRC_IMAGE,0,9,0,0,1458,112,1,1,0,0,0,0,0,,,,,,,
//DST定義,(NULL),time,x,y,w,h,acc,a,r,g,b,blend,filter,angle,center,loop,timer,op1,op2,op3
#DST_IMAGE,0,0,474,187,1458,112,0,255,255,255,255,1,0,0,0,1000,0,-965,-966,0
#DST_IMAGE,0,666,0,187,1458,112,0,255,255,255,255,1,0,0,0,,,,,
#DST_IMAGE,0,1000,0,2,1458,112,0,255,255,255,255,1,0,0,0,,,,,
#DST_IMAGE,0,17000,1458,2,1458,112,0,255,255,255,255,1,0,0,0,,,,,
,,,,,,,,,,,,,,,,,,,,
//上白いの1-2,,,,,,,,,,,,,,,,,,,,
//SRC定義,(NULL),gr,x,y,w,h,div_x,div_y,cycle,timer,op1,op2,op3,,,,,,,
#SRC_IMAGE,0,9,0,0,1458,112,1,1,0,0,0,0,0,,,,,,,
//DST定義,(NULL),time,x,y,w,h,acc,a,r,g,b,blend,filter,angle,center,loop,timer,op1,op2,op3
#DST_IMAGE,0,0,-984,187,1458,112,0,255,255,255,255,1,0,0,0,1000,0,-965,-966,0
#DST_IMAGE,0,666,-1458,187,1458,112,0,255,255,255,255,1,0,0,0,,,,,
#DST_IMAGE,0,1000,-1458,2,1458,112,0,255,255,255,255,1,0,0,0,,,,,
#DST_IMAGE,0,17000,0,2,1458,112,0,255,255,255,255,1,0,0,0,,,,,
,,,,,,,,,,,,,,,,,,,,
//上黒いの5,,,,,,,,,,,,,,,,,,,,
//SRC定義,(NULL),gr,x,y,w,h,div_x,div_y,cycle,timer,op1,op2,op3,,,,,,,
#SRC_IMAGE,0,0,580,262,815,71,1,1,0,0,0,0,0,,,,,,,
//DST定義,(NULL),time,x,y,w,h,acc,a,r,g,b,blend,filter,angle,center,loop,timer,op1,op2,op3
#DST_IMAGE,0,600,-812,48,815,71,0,255,255,255,255,1,0,0,0,883,0,0,0,0
#DST_IMAGE,0,866,-86,48,815,71,0,255,255,255,255,1,0,0,0,,,,,
#DST_IMAGE,0,883,-80,48,815,71,0,255,255,255,255,1,0,0,0,,,,,
,,,,,,,,,,,,,,,,,,,,
//上白いの2-1,,,,,,,,,,,,,,,,,,,,
//SRC定義,(NULL),gr,x,y,w,h,div_x,div_y,cycle,timer,op1,op2,op3,,,,,,,
#SRC_IMAGE,0,9,0,112,1148,104,1,1,0,0,0,0,0,,,,,,,
//DST定義,(NULL),time,x,y,w,h,acc,a,r,g,b,blend,filter,angle,center,loop,timer,op1,op2,op3
#DST_IMAGE,0,0,898,259,1148,104,0,255,255,255,255,1,0,0,0,1000,0,0,0,0
#DST_IMAGE,0,666,140,259,1148,104,0,255,255,255,255,1,0,0,0,,,,,
#DST_IMAGE,0,1000,2,7,1148,104,0,255,255,255,255,1,0,0,0,,,,,
#DST_IMAGE,0,17000,1144,7,1148,104,0,255,255,255,255,1,0,0,0,,,,,
,,,,,,,,,,,,,,,,,,,,
//上白いの2-2,,,,,,,,,,,,,,,,,,,,
//SRC定義,(NULL),gr,x,y,w,h,div_x,div_y,cycle,timer,op1,op2,op3,,,,,,,
#SRC_IMAGE,0,9,0,112,1148,104,1,1,0,0,0,0,0,,,,,,,
//DST定義,(NULL),time,x,y,w,h,acc,a,r,g,b,blend,filter,angle,center,loop,timer,op1,op2,op3
#DST_IMAGE,0,0,-244,259,1148,104,0,255,255,255,255,1,0,0,0,1000,0,0,0,0
#DST_IMAGE,0,666,-1002,259,1148,104,0,255,255,255,255,1,0,0,0,,,,,
#DST_IMAGE,0,1000,-1140,7,1148,104,0,255,255,255,255,1,0,0,0,,,,,
#DST_IMAGE,0,17000,2,7,1148,104,0,255,255,255,255,1,0,0,0,,,,,
,,,,,,,,,,,,,,,,,,,,
//上白いの2-3,,,,,,,,,,,,,,,,,,,,
//SRC定義,(NULL),gr,x,y,w,h,div_x,div_y,cycle,timer,op1,op2,op3,,,,,,,
#SRC_IMAGE,0,9,0,112,1148,104,1,1,0,0,0,0,0,,,,,,,
//DST定義,(NULL),time,x,y,w,h,acc,a,r,g,b,blend,filter,angle,center,loop,timer,op1,op2,op3
#DST_IMAGE,0,0,2040,259,1148,104,0,255,255,255,255,1,0,0,0,1000,0,0,0,0
#DST_IMAGE,0,666,1282,259,1148,104,0,255,255,255,255,1,0,0,0,,,,,
#DST_IMAGE,0,1000,1144,7,1148,104,0,255,255,255,255,1,0,0,0,,,,,
#DST_IMAGE,0,17000,2286,7,1148,104,0,255,255,255,255,1,0,0,0,,,,,
,,,,,,,,,,,,,,,,,,,,
,,,,,,,,,,,,,,,,,,,,
//上白いの2-1 数列,,,,,,,,,,,,,,,,,,,,
//SRC定義,(NULL),gr,x,y,w,h,div_x,div_y,cycle,timer,op1,op2,op3,,,,,,,
#SRC_IMAGE,0,0,315,230,220,24,5,3,300,0,0,0,0,,,,,,,
//DST定義,(NULL),time,x,y,w,h,acc,a,r,g,b,blend,filter,angle,center,loop,timer,op1,op2,op3
#DST_IMAGE,0,0,1324,342,44,8,0,255,255,255,255,1,0,0,0,1000,0,0,0,0
#DST_IMAGE,0,666,566,342,44,8,0,255,255,255,255,1,0,0,0,,,,,
#DST_IMAGE,0,1000,426,88,44,8,0,255,255,255,255,1,0,0,0,,,,,
#DST_IMAGE,0,17000,1568,88,44,8,0,255,255,255,255,1,0,0,0,,,,,
,,,,,,,,,,,,,,,,,,,,
//上白いの2-2 数列,,,,,,,,,,,,,,,,,,,,
//SRC定義,(NULL),gr,x,y,w,h,div_x,div_y,cycle,timer,op1,op2,op3,,,,,,,
#SRC_IMAGE,0,0,315,230,220,24,5,3,300,0,0,0,0,,,,,,,
//DST定義,(NULL),time,x,y,w,h,acc,a,r,g,b,blend,filter,angle,center,loop,timer,op1,op2,op3
#DST_IMAGE,0,1000,-716,88,44,8,0,255,255,255,255,1,0,0,0,1000,0,0,0,0
#DST_IMAGE,0,17000,426,88,44,8,0,255,255,255,255,1,0,0,0,,,,,
,,,,,,,,,,,,,,,,,,,,
//流れる文字1,,,,,,,,,,,,,,,,,,,,
//SRC定義,(NULL),gr,x,y,w,h,div_x,div_y,cycle,timer,op1,op2,op3,,,,,,,
#SRC_IMAGE,0,10,0,0,25842,65,177,1,4000,0,0,0,0,,,,,,,
//DST定義,(NULL),time,x,y,w,h,acc,a,r,g,b,blend,filter,angle,center,loop,timer,op1,op2,op3
#DST_IMAGE,0,1000,986,44,146,65,0,255,255,255,255,1,0,0,0,1000,0,0,0,0
#DST_IMAGE,0,17000,2128,44,146,65,0,255,255,255,255,1,0,0,0,,,,,
,,,,,,,,,,,,,,,,,,,,
//流れる文字2,,,,,,,,,,,,,,,,,,,,
//SRC定義,(NULL),gr,x,y,w,h,div_x,div_y,cycle,timer,op1,op2,op3,,,,,,,
#SRC_IMAGE,0,10,0,0,25842,39,177,1,4000,0,0,0,0,,,,,,,
//DST定義,(NULL),time,x,y,w,h,acc,a,r,g,b,blend,filter,angle,center,loop,timer,op1,op2,op3
#DST_IMAGE,0,1000,732,72,146,39,0,255,255,255,255,1,0,0,0,1000,0,0,0,0
#DST_IMAGE,0,17000,1874,72,146,39,0,255,255,255,255,1,0,0,0,,,,,
,,,,,,,,,,,,,,,,,,,,
//流れる文字3,,,,,,,,,,,,,,,,,,,,
//SRC定義,(NULL),gr,x,y,w,h,div_x,div_y,cycle,timer,op1,op2,op3,,,,,,,
#SRC_IMAGE,0,10,0,0,25842,19,177,1,4000,0,0,0,0,,,,,,,
//DST定義,(NULL),time,x,y,w,h,acc,a,r,g,b,blend,filter,angle,center,loop,timer,op1,op2,op3
#DST_IMAGE,0,1000,124,91,146,19,0,255,255,255,255,1,0,0,0,1000,0,0,0,0
#DST_IMAGE,0,17000,1266,91,146,19,0,255,255,255,255,1,0,0,0,,,,,
,,,,,,,,,,,,,,,,,,,,
//流れる文字4,,,,,,,,,,,,,,,,,,,,
//SRC定義,(NULL),gr,x,y,w,h,div_x,div_y,cycle,timer,op1,op2,op3,,,,,,,
#SRC_IMAGE,0,10,0,0,25842,65,177,1,4000,0,0,0,0,,,,,,,
//DST定義,(NULL),time,x,y,w,h,acc,a,r,g,b,blend,filter,angle,center,loop,timer,op1,op2,op3
#DST_IMAGE,0,1000,-156,44,146,65,0,255,255,255,255,1,0,0,0,1000,0,0,0,0
#DST_IMAGE,0,17000,986,44,146,65,0,255,255,255,255,1,0,0,0,,,,,
,,,,,,,,,,,,,,,,,,,,
//流れる文字5,,,,,,,,,,,,,,,,,,,,
//SRC定義,(NULL),gr,x,y,w,h,div_x,div_y,cycle,timer,op1,op2,op3,,,,,,,
#SRC_IMAGE,0,10,0,0,25842,39,177,1,4000,0,0,0,0,,,,,,,
//DST定義,(NULL),time,x,y,w,h,acc,a,r,g,b,blend,filter,angle,center,loop,timer,op1,op2,op3
#DST_IMAGE,0,1000,-410,72,146,39,0,255,255,255,255,1,0,0,0,1000,0,0,0,0
#DST_IMAGE,0,17000,732,72,146,39,0,255,255,255,255,1,0,0,0,,,,,
,,,,,,,,,,,,,,,,,,,,
//流れる文字6,,,,,,,,,,,,,,,,,,,,
//SRC定義,(NULL),gr,x,y,w,h,div_x,div_y,cycle,timer,op1,op2,op3,,,,,,,
#SRC_IMAGE,0,10,0,0,25842,19,177,1,4000,0,0,0,0,,,,,,,
//DST定義,(NULL),time,x,y,w,h,acc,a,r,g,b,blend,filter,angle,center,loop,timer,op1,op2,op3
#DST_IMAGE,0,1000,-1018,91,146,19,0,255,255,255,255,1,0,0,0,1000,0,0,0,0
#DST_IMAGE,0,17000,124,91,146,19,0,255,255,255,255,1,0,0,0,,,,,
,,,,,,,,,,,,,,,,,,,,
//下灰色の1,,,,,,,,,,,,,,,,,,,,
//SRC定義,(NULL),gr,x,y,w,h,div_x,div_y,cycle,timer,op1,op2,op3,,,,,,,
#SRC_IMAGE,0,9,0,336,960,106,1,1,0,0,0,0,0,,,,,,,
//DST定義,(NULL),time,x,y,w,h,acc,a,r,g,b,blend,filter,angle,center,loop,timer,op1,op2,op3
#DST_IMAGE,0,0,154,406.5,960,106,0,130,255,255,255,1,0,0,0,1000,0,-967,-968,0
#DST_IMAGE,0,666,628,406.5,960,106,0,130,255,255,255,1,0,0,0,,,,,
#DST_IMAGE,0,1000,628,636,960,106,0,130,255,255,255,1,0,0,0,,,,,
#DST_IMAGE,0,9010,-332,636,960,106,0,130,255,255,255,1,0,0,0,,,,,
#DST_IMAGE,0,9011,628,636,960,106,0,130,255,255,255,1,0,0,0,,,,,
#DST_IMAGE,0,17000,-332,636,960,106,0,130,255,255,255,1,0,0,0,,,,,
,,,2,1.5,,,,,,,,,,,,,,,,
//下灰色の1,,,,,,,,,,,,,,,,,,,,
//SRC定義,(NULL),gr,x,y,w,h,div_x,div_y,cycle,timer,op1,op2,op3,,,,,,,
#SRC_IMAGE,0,9,0,336,960,106,1,1,0,0,0,0,0,,,,,,,
//DST定義,(NULL),time,x,y,w,h,acc,a,r,g,b,blend,filter,angle,center,loop,timer,op1,op2,op3
#DST_IMAGE,0,0,154,406.5,960,106,0,255,255,255,255,1,0,0,0,1000,0,-965,-966,0
#DST_IMAGE,0,666,628,406.5,960,106,0,255,255,255,255,1,0,0,0,,,,,
#DST_IMAGE,0,1000,628,636,960,106,0,255,255,255,255,1,0,0,0,,,,,
#DST_IMAGE,0,9010,-332,636,960,106,0,255,255,255,255,1,0,0,0,,,,,
#DST_IMAGE,0,9011,628,636,960,106,0,255,255,255,255,1,0,0,0,,,,,
#DST_IMAGE,0,17000,-332,636,960,106,0,255,255,255,255,1,0,0,0,,,,,
,,,,,,,,,,,,,,,,,,,,
//下灰色の1 数列1,,,,,,,,,,,,,,,,,,,,
//SRC定義,(NULL),gr,x,y,w,h,div_x,div_y,cycle,timer,op1,op2,op3,,,,,,,
#SRC_IMAGE,0,0,315,230,220,24,5,3,300,0,0,0,0,,,,,,,
//DST定義,(NULL),time,x,y,w,h,acc,a,r,g,b,blend,filter,angle,center,loop,timer,op1,op2,op3
#DST_IMAGE,0,0,1068,444,44,8,0,100,255,255,255,1,0,0,0,1000,0,0,0,0
#DST_IMAGE,0,666,1542,444,44,8,0,100,255,255,255,1,0,0,0,,,,,
#DST_IMAGE,0,1000,1542,673,44,8,0,100,255,255,255,1,0,0,0,,,,,
#DST_IMAGE,0,9010,582,673,44,8,0,100,255,255,255,1,0,0,0,,,,,
#DST_IMAGE,0,9011,1542,673,44,8,0,100,255,255,255,1,0,0,0,,,,,
#DST_IMAGE,0,17000,582,673,44,8,0,100,255,255,255,1,0,0,0,,,,,
,,,,,,,,,,,,,,,,,,,,
//下灰色の1 数列2,,,,,,,,,,,,,,,,,,,,
//SRC定義,(NULL),gr,x,y,w,h,div_x,div_y,cycle,timer,op1,op2,op3,,,,,,,
#SRC_IMAGE,0,0,315,230,220,24,5,3,300,0,0,0,0,,,,,,,
//DST定義,(NULL),time,x,y,w,h,acc,a,r,g,b,blend,filter,angle,center,loop,timer,op1,op2,op3
#DST_IMAGE,0,0,696,412,44,8,0,100,255,255,255,1,0,0,0,1000,0,0,0,0
#DST_IMAGE,0,666,1170,412,44,8,0,100,255,255,255,1,0,0,0,,,,,
#DST_IMAGE,0,1000,1170,642,44,8,0,100,255,255,255,1,0,0,0,,,,,
#DST_IMAGE,0,9010,210,642,44,8,0,100,255,255,255,1,0,0,0,,,,,
#DST_IMAGE,0,9011,1170,642,44,8,0,100,255,255,255,1,0,0,0,,,,,
#DST_IMAGE,0,17000,210,642,44,8,0,100,255,255,255,1,0,0,0,,,,,
,,,,,,,,,,,,,,,,,,,,
//下灰色の1 数列3,,,,,,,,,,,,,,,,,,,,
//SRC定義,(NULL),gr,x,y,w,h,div_x,div_y,cycle,timer,op1,op2,op3,,,,,,,
#SRC_IMAGE,0,0,315,230,220,24,5,3,300,0,0,0,0,,,,,,,
//DST定義,(NULL),time,x,y,w,h,acc,a,r,g,b,blend,filter,angle,center,loop,timer,op1,op2,op3
#DST_IMAGE,0,0,330,480,44,8,0,100,255,255,255,1,0,0,0,1000,0,0,0,0
#DST_IMAGE,0,666,804,480,44,8,0,100,255,255,255,1,0,0,0,,,,,
#DST_IMAGE,0,1000,804,709,44,8,0,100,255,255,255,1,0,0,0,,,,,
#DST_IMAGE,0,9010,-156,709,44,8,0,100,255,255,255,1,0,0,0,,,,,
#DST_IMAGE,0,9011,804,709,44,8,0,100,255,255,255,1,0,0,0,,,,,
#DST_IMAGE,0,17000,-156,709,44,8,0,100,255,255,255,1,0,0,0,,,,,
,,,,,,,,,,,,,,,,,,,,
//下灰色の2,,,,,,,,,,,,,,,,,,,,
//SRC定義,(NULL),gr,x,y,w,h,div_x,div_y,cycle,timer,op1,op2,op3,,,,,,,
#SRC_IMAGE,0,9,0,336,960,106,1,1,0,0,0,0,0,,,,,,,
//DST定義,(NULL),time,x,y,w,h,acc,a,r,g,b,blend,filter,angle,center,loop,timer,op1,op2,op3
#DST_IMAGE,0,0,-806,406,960,106,0,130,255,255,255,1,0,0,0,1000,0,-967,-968,0
#DST_IMAGE,0,666,-332,406,960,106,0,130,255,255,255,1,0,0,0,,,,,
#DST_IMAGE,0,1000,-332,636,960,106,0,130,255,255,255,1,0,0,0,,,,,
#DST_IMAGE,0,9010,-1292,636,960,106,0,130,255,255,255,1,0,0,0,,,,,
#DST_IMAGE,0,9011,-332,636,960,106,0,130,255,255,255,1,0,0,0,,,,,
#DST_IMAGE,0,17000,-1292,636,960,106,0,130,255,255,255,1,0,0,0,,,,,
,,,,,,,,,,,,,,,,,,,,
//下灰色の2,,,,,,,,,,,,,,,,,,,,
//SRC定義,(NULL),gr,x,y,w,h,div_x,div_y,cycle,timer,op1,op2,op3,,,,,,,
#SRC_IMAGE,0,9,0,336,960,106,1,1,0,0,0,0,0,,,,,,,
//DST定義,(NULL),time,x,y,w,h,acc,a,r,g,b,blend,filter,angle,center,loop,timer,op1,op2,op3
#DST_IMAGE,0,0,-806,406,960,106,0,255,255,255,255,1,0,0,0,1000,0,-965,-966,0
#DST_IMAGE,0,666,-332,406,960,106,0,255,255,255,255,1,0,0,0,,,,,
#DST_IMAGE,0,1000,-332,636,960,106,0,255,255,255,255,1,0,0,0,,,,,
#DST_IMAGE,0,9010,-1292,636,960,106,0,255,255,255,255,1,0,0,0,,,,,
#DST_IMAGE,0,9011,-332,636,960,106,0,255,255,255,255,1,0,0,0,,,,,
#DST_IMAGE,0,17000,-1292,636,960,106,0,255,255,255,255,1,0,0,0,,,,,
,,,,,,,,,,,,,,,,,,,,
//下灰色の2 数列1,,,,,,,,,,,,,,,,,,,,
//SRC定義,(NULL),gr,x,y,w,h,div_x,div_y,cycle,timer,op1,op2,op3,,,,,,,
#SRC_IMAGE,0,0,315,230,220,24,5,3,300,0,0,0,0,,,,,,,
//DST定義,(NULL),time,x,y,w,h,acc,a,r,g,b,blend,filter,angle,center,loop,timer,op1,op2,op3
#DST_IMAGE,0,0,108,444,44,8,0,100,255,255,255,1,0,0,0,1000,0,0,0,0
#DST_IMAGE,0,666,582,444,44,8,0,100,255,255,255,1,0,0,0,,,,,
#DST_IMAGE,0,1000,582,673,44,8,0,100,255,255,255,1,0,0,0,,,,,
#DST_IMAGE,0,9010,-378,673,44,8,0,100,255,255,255,1,0,0,0,,,,,
#DST_IMAGE,0,9011,582,673,44,8,0,100,255,255,255,1,0,0,0,,,,,
#DST_IMAGE,0,17000,-378,673,44,8,0,100,255,255,255,1,0,0,0,,,,,
,,,,,,,,,,,,,,,,,,,,
//下灰色の2 数列2,,,,,,,,,,,,,,,,,,,,
//SRC定義,(NULL),gr,x,y,w,h,div_x,div_y,cycle,timer,op1,op2,op3,,,,,,,
#SRC_IMAGE,0,0,315,230,220,24,5,3,300,0,0,0,0,,,,,,,
//DST定義,(NULL),time,x,y,w,h,acc,a,r,g,b,blend,filter,angle,center,loop,timer,op1,op2,op3
#DST_IMAGE,0,0,-528,412,44,8,0,100,255,255,255,1,0,0,0,1000,0,0,0,0
#DST_IMAGE,0,666,210,412,44,8,0,100,255,255,255,1,0,0,0,,,,,
#DST_IMAGE,0,1000,210,642,44,8,0,100,255,255,255,1,0,0,0,,,,,
#DST_IMAGE,0,9010,-750,642,44,8,0,100,255,255,255,1,0,0,0,,,,,
#DST_IMAGE,0,9011,210,642,44,8,0,100,255,255,255,1,0,0,0,,,,,
#DST_IMAGE,0,17000,-750,642,44,8,0,100,255,255,255,1,0,0,0,,,,,
,,,,,,,,,,,,,,,,,,,,
//下灰色の2 数列3,,,,,,,,,,,,,,,,,,,,
//SRC定義,(NULL),gr,x,y,w,h,div_x,div_y,cycle,timer,op1,op2,op3,,,,,,,
#SRC_IMAGE,0,0,315,230,220,24,5,3,300,0,0,0,0,,,,,,,
//DST定義,(NULL),time,x,y,w,h,acc,a,r,g,b,blend,filter,angle,center,loop,timer,op1,op2,op3
#DST_IMAGE,0,0,-630,480,44,8,0,100,255,255,255,1,0,0,0,1000,0,0,0,0
#DST_IMAGE,0,666,-156,480,44,8,0,100,255,255,255,1,0,0,0,,,,,
#DST_IMAGE,0,1000,-156,709,44,8,0,100,255,255,255,1,0,0,0,,,,,
#DST_IMAGE,0,9010,-1116,709,44,8,0,100,255,255,255,1,0,0,0,,,,,
#DST_IMAGE,0,9011,-156,709,44,8,0,100,255,255,255,1,0,0,0,,,,,
#DST_IMAGE,0,17000,-1116,709,44,8,0,100,255,255,255,1,0,0,0,,,,,
,,,,,,,,,,,,,,,,,,,,
//下灰色の3,,,,,,,,,,,,,,,,,,,,
//SRC定義,(NULL),gr,x,y,w,h,div_x,div_y,cycle,timer,op1,op2,op3,,,,,,,
#SRC_IMAGE,0,9,0,336,960,106,1,1,0,0,0,0,0,,,,,,,
//DST定義,(NULL),time,x,y,w,h,acc,a,r,g,b,blend,filter,angle,center,loop,timer,op1,op2,op3
#DST_IMAGE,0,0,1114,406.5,960,106,0,130,255,255,255,1,0,0,0,1000,0,-967,-968,0
#DST_IMAGE,0,666,1588,406.5,960,106,0,130,255,255,255,1,0,0,0,,,,,
#DST_IMAGE,0,1000,1588,636,960,106,0,130,255,255,255,1,0,0,0,,,,,
#DST_IMAGE,0,9010,628,636,960,106,0,130,255,255,255,1,0,0,0,,,,,
#DST_IMAGE,0,9011,1588,636,960,106,0,130,255,255,255,1,0,0,0,,,,,
#DST_IMAGE,0,17000,628,636,960,106,0,130,255,255,255,1,0,0,0,,,,,
,,,,,,,,,,,,,,,,,,,,
//下灰色の3,,,,,,,,,,,,,,,,,,,,
//SRC定義,(NULL),gr,x,y,w,h,div_x,div_y,cycle,timer,op1,op2,op3,,,,,,,
#SRC_IMAGE,0,9,0,336,960,106,1,1,0,0,0,0,0,,,,,,,
//DST定義,(NULL),time,x,y,w,h,acc,a,r,g,b,blend,filter,angle,center,loop,timer,op1,op2,op3
#DST_IMAGE,0,0,1114,406.5,960,106,0,255,255,255,255,1,0,0,0,1000,0,-965,-966,0
#DST_IMAGE,0,666,1588,406.5,960,106,0,255,255,255,255,1,0,0,0,,,,,
#DST_IMAGE,0,1000,1588,636,960,106,0,255,255,255,255,1,0,0,0,,,,,
#DST_IMAGE,0,9010,628,636,960,106,0,255,255,255,255,1,0,0,0,,,,,
#DST_IMAGE,0,9011,1588,636,960,106,0,255,255,255,255,1,0,0,0,,,,,
#DST_IMAGE,0,17000,628,636,960,106,0,255,255,255,255,1,0,0,0,,,,,
,,,,,,,,,,,,,,,,,,,,
//下灰色の3 数列1,,,,,,,,,,,,,,,,,,,,
//SRC定義,(NULL),gr,x,y,w,h,div_x,div_y,cycle,timer,op1,op2,op3,,,,,,,
#SRC_IMAGE,0,0,315,230,220,24,5,3,300,0,0,0,0,,,,,,,
//DST定義,(NULL),time,x,y,w,h,acc,a,r,g,b,blend,filter,angle,center,loop,timer,op1,op2,op3
#DST_IMAGE,0,0,2028,444,44,8,0,100,255,255,255,1,0,0,0,1000,0,0,0,0
#DST_IMAGE,0,666,2502,444,44,8,0,100,255,255,255,1,0,0,0,,,,,
#DST_IMAGE,0,1000,2502,673,44,8,0,100,255,255,255,1,0,0,0,,,,,
#DST_IMAGE,0,9010,1542,673,44,8,0,100,255,255,255,1,0,0,0,,,,,
#DST_IMAGE,0,9011,2502,673,44,8,0,100,255,255,255,1,0,0,0,,,,,
#DST_IMAGE,0,17000,1542,673,44,8,0,100,255,255,255,1,0,0,0,,,,,
,,,,,,,,,,,,,,,,,,,,
//下灰色の3 数列2,,,,,,,,,,,,,,,,,,,,
//SRC定義,(NULL),gr,x,y,w,h,div_x,div_y,cycle,timer,op1,op2,op3,,,,,,,
#SRC_IMAGE,0,0,315,230,220,24,5,3,300,0,0,0,0,,,,,,,
//DST定義,(NULL),time,x,y,w,h,acc,a,r,g,b,blend,filter,angle,center,loop,timer,op1,op2,op3
#DST_IMAGE,0,0,1656,412,44,8,0,100,255,255,255,1,0,0,0,1000,0,0,0,0
#DST_IMAGE,0,666,2130,412,44,8,0,100,255,255,255,1,0,0,0,,,,,
#DST_IMAGE,0,1000,2130,642,44,8,0,100,255,255,255,1,0,0,0,,,,,
#DST_IMAGE,0,9010,1170,642,44,8,0,100,255,255,255,1,0,0,0,,,,,
#DST_IMAGE,0,9011,2130,642,44,8,0,100,255,255,255,1,0,0,0,,,,,
#DST_IMAGE,0,17000,1170,642,44,8,0,100,255,255,255,1,0,0,0,,,,,
,,,,,,,,,,,,,,,,,,,,
//下灰色の3 数列3,,,,,,,,,,,,,,,,,,,,
//SRC定義,(NULL),gr,x,y,w,h,div_x,div_y,cycle,timer,op1,op2,op3,,,,,,,
#SRC_IMAGE,0,0,315,230,220,24,5,3,300,0,0,0,0,,,,,,,
//DST定義,(NULL),time,x,y,w,h,acc,a,r,g,b,blend,filter,angle,center,loop,timer,op1,op2,op3
#DST_IMAGE,0,0,1290,480,44,8,0,100,255,255,255,1,0,0,0,1000,0,0,0,0
#DST_IMAGE,0,666,1764,480,44,8,0,100,255,255,255,1,0,0,0,,,,,
#DST_IMAGE,0,1000,1764,709,44,8,0,100,255,255,255,1,0,0,0,,,,,
#DST_IMAGE,0,9010,804,709,44,8,0,100,255,255,255,1,0,0,0,,,,,
#DST_IMAGE,0,9011,1764,709,44,8,0,100,255,255,255,1,0,0,0,,,,,
#DST_IMAGE,0,17000,804,709,44,8,0,100,255,255,255,1,0,0,0,,,,,
,,,,,,,,,,,,,,,,,,,,
//下黒いの4,,,,,,,,,,,,,,,,,,,,
//SRC定義,(NULL),gr,x,y,w,h,div_x,div_y,cycle,timer,op1,op2,op3,,,,,,,
#SRC_IMAGE,0,0,580,345,815,85,1,1,0,0,0,0,0,,,,,,,
//DST定義,(NULL),time,x,y,w,h,acc,a,r,g,b,blend,filter,angle,center,loop,timer,op1,op2,op3
#DST_IMAGE,0,866,824,657,815,85,0,10,255,255,255,1,0,0,0,1000,0,0,0,0
#DST_IMAGE,0,1000,882,657,815,85,0,80,255,255,255,1,0,0,0,,,,,
#DST_IMAGE,0,17000,222,657,815,85,0,80,255,255,255,1,0,0,0,,,,,
,,,,,,,,,,,,,,,,,,,,
//下黒いの5,,,,,,,,,,,,,,,,,,,,
//SRC定義,(NULL),gr,x,y,w,h,div_x,div_y,cycle,timer,op1,op2,op3,,,,,,,
#SRC_IMAGE,0,0,580,345,815,85,1,1,0,0,0,0,0,,,,,,,
//DST定義,(NULL),time,x,y,w,h,acc,a,r,g,b,blend,filter,angle,center,loop,timer,op1,op2,op3
#DST_IMAGE,0,866,164,657,815,85,0,10,255,255,255,1,0,0,0,1000,0,0,0,0
#DST_IMAGE,0,1000,222,657,815,85,0,80,255,255,255,1,0,0,0,,,,,
#DST_IMAGE,0,17000,-438,657,815,85,0,80,255,255,255,1,0,0,0,,,,,
,,,,,,,,,,,,,,,,,,,,
//下黒いの6,,,,,,,,,,,,,,,,,,,,
//SRC定義,(NULL),gr,x,y,w,h,div_x,div_y,cycle,timer,op1,op2,op3,,,,,,,
#SRC_IMAGE,0,0,580,345,815,85,1,1,0,0,0,0,0,,,,,,,
//DST定義,(NULL),time,x,y,w,h,acc,a,r,g,b,blend,filter,angle,center,loop,timer,op1,op2,op3
#DST_IMAGE,0,866,-496,657,815,85,0,10,255,255,255,1,0,0,0,1000,0,0,0,0
#DST_IMAGE,0,1000,-438,657,815,85,0,80,255,255,255,1,0,0,0,,,,,
#DST_IMAGE,0,17000,-1098,657,815,85,0,80,255,255,255,1,0,0,0,,,,,
,,,,,,,,,,,,,,,,,,,,
//下黒いの7,,,,,,,,,,,,,,,,,,,,
//SRC定義,(NULL),gr,x,y,w,h,div_x,div_y,cycle,timer,op1,op2,op3,,,,,,,
#SRC_IMAGE,0,0,580,345,815,85,1,1,0,0,0,0,0,,,,,,,
//DST定義,(NULL),time,x,y,w,h,acc,a,r,g,b,blend,filter,angle,center,loop,timer,op1,op2,op3
#DST_IMAGE,0,866,1484,657,815,85,0,10,255,255,255,1,0,0,0,1000,0,0,0,0
#DST_IMAGE,0,1000,1542,657,815,85,0,80,255,255,255,1,0,0,0,,,,,
#DST_IMAGE,0,17000,882,657,815,85,0,80,255,255,255,1,0,0,0,,,,,
,,,,,,,,,,,,,,,,,,,,
//通りすがる黒いの,,,,,,,,,,,,,,,,,,,,
//SRC定義,(NULL),gr,x,y,w,h,div_x,div_y,cycle,timer,op1,op2,op3,,,,,,,
#SRC_IMAGE,0,0,580,430,836,27,1,1,0,0,0,0,0,,,,,,,
//DST定義,(NULL),time,x,y,w,h,acc,a,r,g,b,blend,filter,angle,center,loop,timer,op1,op2,op3
#DST_IMAGE,0,1000,1280,688,836,27,0,255,255,255,255,1,0,0,0,1000,0,0,0,0
#DST_IMAGE,0,5001,1280,688,836,27,0,255,255,255,255,1,0,0,0,,,,,
#DST_IMAGE,0,6951,-834,688,836,27,0,255,255,255,255,1,0,0,0,,,,,
#DST_IMAGE,0,11067,-834,688,836,27,0,255,255,255,255,1,0,0,0,,,,,
#DST_IMAGE,0,11068,1280,688,836,27,0,255,255,255,255,1,0,0,0,,,,,
#DST_IMAGE,0,13019,-834,688,836,27,0,255,255,255,255,1,0,0,0,,,,,
#DST_IMAGE,0,17000,-834,688,836,27,0,255,255,255,255,1,0,0,0,,,,,
,,,,,,,,,,,,,,,,,,,,
//下白いの1,,,,,,,,,,,,,,,,,,,,
//SRC定義,(NULL),gr,x,y,w,h,div_x,div_y,cycle,timer,op1,op2,op3,,,,,,,
#SRC_IMAGE,0,9,0,216,911,120,1,1,0,0,0,0,0,,,,,,,
//DST定義,(NULL),time,x,y,w,h,acc,a,r,g,b,blend,filter,angle,center,loop,timer,op1,op2,op3
#DST_IMAGE,0,0,-48,387,911,120,0,255,255,255,255,1,0,0,0,1000,0,0,0,0
#DST_IMAGE,0,666,732,387,911,120,0,255,255,255,255,1,0,0,0,,,,,
#DST_IMAGE,0,1000,732,640,911,120,0,255,255,255,255,1,0,0,0,,,,,
#DST_IMAGE,0,17000,-216,640,911,120,0,255,255,255,255,1,0,0,0,,,,,
,,,,,,,,,,,,,,,,,,,,
//下白いの2,,,,,,,,,,,,,,,,,,,,
//SRC定義,(NULL),gr,x,y,w,h,div_x,div_y,cycle,timer,op1,op2,op3,,,,,,,
#SRC_IMAGE,0,9,0,216,911,120,1,1,0,0,0,0,0,,,,,,,
//DST定義,(NULL),time,x,y,w,h,acc,a,r,g,b,blend,filter,angle,center,loop,timer,op1,op2,op3
#DST_IMAGE,0,0,-996,387,911,120,0,255,255,255,255,1,0,0,0,1000,0,0,0,0
#DST_IMAGE,0,666,-216,387,911,120,0,255,255,255,255,1,0,0,0,,,,,
#DST_IMAGE,0,1000,-216,640,911,120,0,255,255,255,255,1,0,0,0,,,,,
#DST_IMAGE,0,17000,-1164,640,911,120,0,255,255,255,255,1,0,0,0,,,,,
,,,,,,,,,,,,,,,,,,,,
//下白いの3,,,,,,,,,,,,,,,,,,,,
//SRC定義,(NULL),gr,x,y,w,h,div_x,div_y,cycle,timer,op1,op2,op3,,,,,,,
#SRC_IMAGE,0,9,0,216,911,120,1,1,0,0,0,0,0,,,,,,,
//DST定義,(NULL),time,x,y,w,h,acc,a,r,g,b,blend,filter,angle,center,loop,timer,op1,op2,op3
#DST_IMAGE,0,0,900,387,911,120,0,255,255,255,255,1,0,0,0,1000,0,0,0,0
#DST_IMAGE,0,666,1680,387,911,120,0,255,255,255,255,1,0,0,0,,,,,
#DST_IMAGE,0,1000,1680,640,911,120,0,255,255,255,255,1,0,0,0,,,,,
#DST_IMAGE,0,17000,732,640,911,120,0,255,255,255,255,1,0,0,0,,,,,
,,,,,,,,,,,,,,,,,,,,
,,,,,,,,,,,,,,,,,,,,
"//""////////""1",,,,,,,,,,,,,,,,,,,,
//SRC定義,(NULL),gr,x,y,w,h,div_x,div_y,cycle,timer,op1,op2,op3,,,,,,,
#SRC_IMAGE,0,0,315,260,96,14,1,1,0,0,0,0,0,,,,,,,
//DST定義,(NULL),time,x,y,w,h,acc,a,r,g,b,blend,filter,angle,center,loop,timer,op1,op2,op3
#DST_IMAGE,0,0,72,409,96,14,0,255,255,255,255,1,1,0,0,1000,0,0,0,0
#DST_IMAGE,0,666,852,409,96,14,0,255,255,255,255,1,1,0,0,,,,,
#DST_IMAGE,0,1000,852,663,96,14,0,255,255,255,255,1,1,0,0,,,,,
#DST_IMAGE,0,4617,782,663,96,14,0,255,255,255,255,1,1,0,0,,,,,
#DST_IMAGE,0,5034,614,663,96,14,0,255,255,255,255,1,1,0,0,,,,,
#DST_IMAGE,0,8618,542,663,96,14,0,255,255,255,255,1,1,0,0,,,,,
#DST_IMAGE,0,9018,376,663,96,14,0,255,255,255,255,1,1,0,0,,,,,
#DST_IMAGE,0,12602,308,663,96,14,0,255,255,255,255,1,1,0,0,,,,,
#DST_IMAGE,0,13035,128,663,96,14,0,255,255,255,255,1,1,0,0,,,,,
#DST_IMAGE,0,16619,64,663,96,14,0,255,255,255,255,1,1,0,0,,,,,
#DST_IMAGE,0,17000,-94,663,96,14,0,255,255,255,255,1,1,0,0,,,,,
,,,,,,,,,,,,,,,,,,,,
"//""////////""2",,,,,,,,,,,,,,,,,,,,
//SRC定義,(NULL),gr,x,y,w,h,div_x,div_y,cycle,timer,op1,op2,op3,,,,,,,
#SRC_IMAGE,0,0,315,260,96,14,1,1,0,0,0,0,0,,,,,,,
//DST定義,(NULL),time,x,y,w,h,acc,a,r,g,b,blend,filter,angle,center,loop,timer,op1,op2,op3
#DST_IMAGE,0,0,1020,409,96,14,0,255,255,255,255,1,1,0,0,1000,0,0,0,0
#DST_IMAGE,0,666,1800,409,96,14,0,255,255,255,255,1,1,0,0,,,,,
#DST_IMAGE,0,1000,1800,663,96,14,0,255,255,255,255,1,1,0,0,,,,,
#DST_IMAGE,0,11669,1280,663,96,14,0,255,255,255,255,1,1,0,0,,,,,
#DST_IMAGE,0,12602,1256,663,96,14,0,255,255,255,255,1,1,0,0,,,,,
#DST_IMAGE,0,13019,1088,663,96,14,0,255,255,255,255,1,1,0,0,,,,,
#DST_IMAGE,0,16619,1014,663,96,14,0,255,255,255,255,1,1,0,0,,,,,
#DST_IMAGE,0,17000,852,663,96,14,0,255,255,255,255,1,1,0,0,,,,,
,,,,,,,,,,,,,,,,,,,,
"//""////////""1 数列",,,,,,,,,,,,,,,,,,,,
//SRC定義,(NULL),gr,x,y,w,h,div_x,div_y,cycle,timer,op1,op2,op3,,,,,,,
#SRC_IMAGE,0,0,315,230,220,24,5,3,300,0,0,0,0,,,,,,,
//DST定義,(NULL),time,x,y,w,h,acc,a,r,g,b,blend,filter,angle,center,loop,timer,op1,op2,op3
#DST_IMAGE,0,0,86,424,44,8,0,255,255,255,255,1,1,0,0,1000,0,0,0,0
#DST_IMAGE,0,666,866,424,44,8,0,255,255,255,255,1,1,0,0,,,,,
#DST_IMAGE,0,1000,866,678,44,8,0,255,255,255,255,1,1,0,0,,,,,
#DST_IMAGE,0,4617,796,678,44,8,0,255,255,255,255,1,1,0,0,,,,,
#DST_IMAGE,0,5034,628,678,44,8,0,255,255,255,255,1,1,0,0,,,,,
#DST_IMAGE,0,8618,556,678,44,8,0,255,255,255,255,1,1,0,0,,,,,
#DST_IMAGE,0,9018,390,678,44,8,0,255,255,255,255,1,1,0,0,,,,,
#DST_IMAGE,0,12602,322,678,44,8,0,255,255,255,255,1,1,0,0,,,,,
#DST_IMAGE,0,13035,142,678,44,8,0,255,255,255,255,1,1,0,0,,,,,
#DST_IMAGE,0,16619,78,678,44,8,0,255,255,255,255,1,1,0,0,,,,,
#DST_IMAGE,0,17000,-80,678,44,8,0,255,255,255,255,1,1,0,0,,,,,
,,,,,,,,,,,,,,,,,,,,
"//""////////""2 数列",,,,,,,,,,,,,,,,,,,,
//SRC定義,(NULL),gr,x,y,w,h,div_x,div_y,cycle,timer,op1,op2,op3,,,,,,,
#SRC_IMAGE,0,0,315,230,220,24,5,3,300,0,0,0,0,,,,,,,
//DST定義,(NULL),time,x,y,w,h,acc,a,r,g,b,blend,filter,angle,center,loop,timer,op1,op2,op3
#DST_IMAGE,0,0,1036,424,44,8,0,255,255,255,255,1,1,0,0,1000,0,0,0,0
#DST_IMAGE,0,666,1816,424,44,8,0,255,255,255,255,1,1,0,0,,,,,
#DST_IMAGE,0,1000,1960,678,44,8,0,255,255,255,255,1,1,0,0,,,,,
#DST_IMAGE,0,11669,1294,678,44,8,0,255,255,255,255,1,1,0,0,,,,,
#DST_IMAGE,0,12602,1270,678,44,8,0,255,255,255,255,1,1,0,0,,,,,
#DST_IMAGE,0,13019,1102,678,44,8,0,255,255,255,255,1,1,0,0,,,,,
#DST_IMAGE,0,16619,1028,678,44,8,0,255,255,255,255,1,1,0,0,,,,,
#DST_IMAGE,0,17000,866,678,44,8,0,255,255,255,255,1,1,0,0,,,,,
,,,,,,,,,,,,,,,,,,,,
,,,,,,,,,,,,,,,,,,,,
//ビーム上1,,,,,,,,,,,,,,,,,,,,
//SRC定義,(NULL),gr,x,y,w,h,div_x,div_y,cycle,timer,op1,op2,op3,,,,,,,
#SRC_IMAGE,0,9,0,450,22,72,1,1,0,0,0,0,0,,,,,,,
//DST定義,(NULL),time,x,y,w,h,acc,a,r,g,b,blend,filter,angle,center,loop,timer,op1,op2,op3
#DST_IMAGE,0,1000,0,12,22,72,0,255,255,255,255,2,0,0,0,1000,0,0,0,0
#DST_IMAGE,0,2000,0,12,22,72,0,255,255,255,255,2,0,0,0,,,,,
#DST_IMAGE,0,2001,0,12,22,72,0,0,255,255,255,2,0,0,0,,,,,
#DST_IMAGE,0,5000,0,12,22,72,0,0,255,255,255,2,0,0,0,,,,,
,,,,,,,,,,,,,,,,,,,,
//ビーム上2,,,,2,,,,,,,,,,,,,,,,
//SRC定義,(NULL),gr,x,y,w,h,div_x,div_y,cycle,timer,op1,op2,op3,,,,,,,
#SRC_IMAGE,0,9,22,450,22,72,1,1,0,0,0,0,0,,,,,,,
//DST定義,(NULL),time,x,y,w,h,acc,a,r,g,b,blend,filter,angle,center,loop,timer,op1,op2,op3
#DST_IMAGE,0,1016,22,12,22,72,0,255,255,255,255,2,0,0,0,1016,0,0,0,0
#DST_IMAGE,0,2015,22,12,22,72,0,255,255,255,255,2,0,0,0,,,,,
#DST_IMAGE,0,2016,22,12,22,72,0,0,255,255,255,2,0,0,0,,,,,
#DST_IMAGE,0,5016,22,12,22,72,0,0,255,255,255,2,0,0,0,,,,,
,,,,,,,,,,,,,,,,,,,,
//ビーム上3,,,,,,,,,,,,,,,,,,,,
//SRC定義,(NULL),gr,x,y,w,h,div_x,div_y,cycle,timer,op1,op2,op3,,,,,,,
#SRC_IMAGE,0,9,44,450,22,72,1,1,0,0,0,0,0,,,,,,,
//DST定義,(NULL),time,x,y,w,h,acc,a,r,g,b,blend,filter,angle,center,loop,timer,op1,op2,op3
#DST_IMAGE,0,1033,44,12,22,72,0,255,255,255,255,2,0,0,0,1033,0,0,0,0
#DST_IMAGE,0,2032,44,12,22,72,0,255,255,255,255,2,0,0,0,,,,,
#DST_IMAGE,0,2033,44,12,22,72,0,0,255,255,255,2,0,0,0,,,,,
#DST_IMAGE,0,5033,44,12,22,72,0,0,255,255,255,2,0,0,0,,,,,
,,,,,,,,,,,,,,,,,,,,
//ビーム上4,,,,,,,,,,,,,,,,,,,,
//SRC定義,(NULL),gr,x,y,w,h,div_x,div_y,cycle,timer,op1,op2,op3,,,,,,,
#SRC_IMAGE,0,9,66,450,22,72,1,1,0,0,0,0,0,,,,,,,
//DST定義,(NULL),time,x,y,w,h,acc,a,r,g,b,blend,filter,angle,center,loop,timer,op1,op2,op3
#DST_IMAGE,0,1050,66,12,22,72,0,255,255,255,255,2,0,0,0,1050,0,0,0,0
#DST_IMAGE,0,2049,66,12,22,72,0,255,255,255,255,2,0,0,0,,,,,
#DST_IMAGE,0,2050,66,12,22,72,0,0,255,255,255,2,0,0,0,,,,,
#DST_IMAGE,0,5050,66,12,22,72,0,0,255,255,255,2,0,0,0,,,,,
,,,,,,,,,,,,,,,,,,,,
//ビーム上5,,,,,,,,,,,,,,,,,,,,
//SRC定義,(NULL),gr,x,y,w,h,div_x,div_y,cycle,timer,op1,op2,op3,,,,,,,
#SRC_IMAGE,0,9,88,450,22,72,1,1,0,0,0,0,0,,,,,,,
//DST定義,(NULL),time,x,y,w,h,acc,a,r,g,b,blend,filter,angle,center,loop,timer,op1,op2,op3
#DST_IMAGE,0,1066,88,12,22,72,0,255,255,255,255,2,0,0,0,1066,0,0,0,0
#DST_IMAGE,0,2065,88,12,22,72,0,255,255,255,255,2,0,0,0,,,,,
#DST_IMAGE,0,2066,88,12,22,72,0,0,255,255,255,2,0,0,0,,,,,
#DST_IMAGE,0,5066,88,12,22,72,0,0,255,255,255,2,0,0,0,,,,,
,,,,,,,,,,,,,,,,,,,,
//ビーム上6,,,,,,,,,,,,,,,,,,,,
//SRC定義,(NULL),gr,x,y,w,h,div_x,div_y,cycle,timer,op1,op2,op3,,,,,,,
#SRC_IMAGE,0,9,110,450,22,72,1,1,0,0,0,0,0,,,,,,,
//DST定義,(NULL),time,x,y,w,h,acc,a,r,g,b,blend,filter,angle,center,loop,timer,op1,op2,op3
#DST_IMAGE,0,1083,110,12,22,72,0,255,255,255,255,2,0,0,0,1083,0,0,0,0
#DST_IMAGE,0,2082,110,12,22,72,0,255,255,255,255,2,0,0,0,,,,,
#DST_IMAGE,0,2083,110,12,22,72,0,0,255,255,255,2,0,0,0,,,,,
#DST_IMAGE,0,5083,110,12,22,72,0,0,255,255,255,2,0,0,0,,,,,
,,,,,,,,,,,,,,,,,,,,
//ビーム上7,,,,,,,,,,,,,,,,,,,,
//SRC定義,(NULL),gr,x,y,w,h,div_x,div_y,cycle,timer,op1,op2,op3,,,,,,,
#SRC_IMAGE,0,9,132,450,22,72,1,1,0,0,0,0,0,,,,,,,
//DST定義,(NULL),time,x,y,w,h,acc,a,r,g,b,blend,filter,angle,center,loop,timer,op1,op2,op3
#DST_IMAGE,0,1100,132,12,22,72,0,255,255,255,255,2,0,0,0,1100,0,0,0,0
#DST_IMAGE,0,2099,132,12,22,72,0,255,255,255,255,2,0,0,0,,,,,
#DST_IMAGE,0,2100,132,12,22,72,0,0,255,255,255,2,0,0,0,,,,,
#DST_IMAGE,0,5100,132,12,22,72,0,0,255,255,255,2,0,0,0,,,,,
,,,,,,,,,,,,,,,,,,,,
//ビーム上8,,,,,,,,,,,,,,,,,,,,
//SRC定義,(NULL),gr,x,y,w,h,div_x,div_y,cycle,timer,op1,op2,op3,,,,,,,
#SRC_IMAGE,0,9,154,450,22,72,1,1,0,0,0,0,0,,,,,,,
//DST定義,(NULL),time,x,y,w,h,acc,a,r,g,b,blend,filter,angle,center,loop,timer,op1,op2,op3
#DST_IMAGE,0,1116,154,12,22,72,0,255,255,255,255,2,0,0,0,1116,0,0,0,0
#DST_IMAGE,0,2115,154,12,22,72,0,255,255,255,255,2,0,0,0,,,,,
#DST_IMAGE,0,2116,154,12,22,72,0,0,255,255,255,2,0,0,0,,,,,
#DST_IMAGE,0,5116,154,12,22,72,0,0,255,255,255,2,0,0,0,,,,,
,,,,,,,,,,,,,,,,,,,,
//ビーム上9,,,,,,,,,,,,,,,,,,,,
//SRC定義,(NULL),gr,x,y,w,h,div_x,div_y,cycle,timer,op1,op2,op3,,,,,,,
#SRC_IMAGE,0,9,176,450,22,72,1,1,0,0,0,0,0,,,,,,,
//DST定義,(NULL),time,x,y,w,h,acc,a,r,g,b,blend,filter,angle,center,loop,timer,op1,op2,op3
#DST_IMAGE,0,1133,176,12,22,72,0,255,255,255,255,2,0,0,0,1133,0,0,0,0
#DST_IMAGE,0,2132,176,12,22,72,0,255,255,255,255,2,0,0,0,,,,,
#DST_IMAGE,0,2133,176,12,22,72,0,0,255,255,255,2,0,0,0,,,,,
#DST_IMAGE,0,5133,176,12,22,72,0,0,255,255,255,2,0,0,0,,,,,
,,,,,,,,,,,,,,,,,,,,
//ビーム上10,,,,,,,,,,,,,,,,,,,,
//SRC定義,(NULL),gr,x,y,w,h,div_x,div_y,cycle,timer,op1,op2,op3,,,,,,,
#SRC_IMAGE,0,9,198,450,22,72,1,1,0,0,0,0,0,,,,,,,
//DST定義,(NULL),time,x,y,w,h,acc,a,r,g,b,blend,filter,angle,center,loop,timer,op1,op2,op3
#DST_IMAGE,0,1150,198,12,22,72,0,255,255,255,255,2,0,0,0,1150,0,0,0,0
#DST_IMAGE,0,2149,198,12,22,72,0,255,255,255,255,2,0,0,0,,,,,
#DST_IMAGE,0,2150,198,12,22,72,0,0,255,255,255,2,0,0,0,,,,,
#DST_IMAGE,0,5150,198,12,22,72,0,0,255,255,255,2,0,0,0,,,,,
,,,,,,,,,,,,,,,,,,,,
//ビーム上11,,,,,,,,,,,,,,,,,,,,
//SRC定義,(NULL),gr,x,y,w,h,div_x,div_y,cycle,timer,op1,op2,op3,,,,,,,
#SRC_IMAGE,0,9,220,450,20,72,1,1,0,0,0,0,0,,,,,,,
//DST定義,(NULL),time,x,y,w,h,acc,a,r,g,b,blend,filter,angle,center,loop,timer,op1,op2,op3
#DST_IMAGE,0,1166,220,12,20,72,0,255,255,255,255,2,0,0,0,1166,0,0,0,0
#DST_IMAGE,0,2165,220,12,20,72,0,255,255,255,255,2,0,0,0,,,,,
#DST_IMAGE,0,2166,220,12,20,72,0,0,255,255,255,2,0,0,0,,,,,
#DST_IMAGE,0,5166,220,12,20,72,0,0,255,255,255,2,0,0,0,,,,,
,,,,,,,,,,,,,,,,,,,,
//ビーム上12,,,,,,,,,,,,,,,,,,,,
//SRC定義,(NULL),gr,x,y,w,h,div_x,div_y,cycle,timer,op1,op2,op3,,,,,,,
#SRC_IMAGE,0,9,240,450,20,72,1,1,0,0,0,0,0,,,,,,,
//DST定義,(NULL),time,x,y,w,h,acc,a,r,g,b,blend,filter,angle,center,loop,timer,op1,op2,op3
#DST_IMAGE,0,1183,240,12,20,72,0,255,255,255,255,2,0,0,0,1183,0,0,0,0
#DST_IMAGE,0,2182,240,12,20,72,0,255,255,255,255,2,0,0,0,,,,,
#DST_IMAGE,0,2183,240,12,20,72,0,0,255,255,255,2,0,0,0,,,,,
#DST_IMAGE,0,5183,240,12,20,72,0,0,255,255,255,2,0,0,0,,,,,
,,,,,,,,,,,,,,,,,,,,
//ビーム上13,,,,,,,,,,,,,,,,,,,,
//SRC定義,(NULL),gr,x,y,w,h,div_x,div_y,cycle,timer,op1,op2,op3,,,,,,,
#SRC_IMAGE,0,9,260,450,20,72,1,1,0,0,0,0,0,,,,,,,
//DST定義,(NULL),time,x,y,w,h,acc,a,r,g,b,blend,filter,angle,center,loop,timer,op1,op2,op3
#DST_IMAGE,0,1200,260,12,20,72,0,255,255,255,255,2,0,0,0,1200,0,0,0,0
#DST_IMAGE,0,2199,260,12,20,72,0,255,255,255,255,2,0,0,0,,,,,
#DST_IMAGE,0,2200,260,12,20,72,0,0,255,255,255,2,0,0,0,,,,,
#DST_IMAGE,0,5200,260,12,20,72,0,0,255,255,255,2,0,0,0,,,,,
,,,,,,,,,,,,,,,,,,,,
//ビーム上14,,,,,,,,,,,,,,,,,,,,
//SRC定義,(NULL),gr,x,y,w,h,div_x,div_y,cycle,timer,op1,op2,op3,,,,,,,
#SRC_IMAGE,0,9,280,450,20,72,1,1,0,0,0,0,0,,,,,,,
//DST定義,(NULL),time,x,y,w,h,acc,a,r,g,b,blend,filter,angle,center,loop,timer,op1,op2,op3
#DST_IMAGE,0,1216,280,12,20,72,0,255,255,255,255,2,0,0,0,1216,0,0,0,0
#DST_IMAGE,0,2215,280,12,20,72,0,255,255,255,255,2,0,0,0,,,,,
#DST_IMAGE,0,2216,280,12,20,72,0,0,255,255,255,2,0,0,0,,,,,
#DST_IMAGE,0,5216,280,12,20,72,0,0,255,255,255,2,0,0,0,,,,,
,,,,,,,,,,,,,,,,,,,,
//ビーム上15,,,,,,,,,,,,,,,,,,,,
//SRC定義,(NULL),gr,x,y,w,h,div_x,div_y,cycle,timer,op1,op2,op3,,,,,,,
#SRC_IMAGE,0,9,300,450,20,72,1,1,0,0,0,0,0,,,,,,,
//DST定義,(NULL),time,x,y,w,h,acc,a,r,g,b,blend,filter,angle,center,loop,timer,op1,op2,op3
#DST_IMAGE,0,1233,300,12,20,72,0,255,255,255,255,2,0,0,0,1233,0,0,0,0
#DST_IMAGE,0,2232,300,12,20,72,0,255,255,255,255,2,0,0,0,,,,,
#DST_IMAGE,0,2233,300,12,20,72,0,0,255,255,255,2,0,0,0,,,,,
#DST_IMAGE,0,5233,300,12,20,72,0,0,255,255,255,2,0,0,0,,,,,
,,,,,,,,,,,,,,,,,,,,
//ビーム上16,,,,,,,,,,,,,,,,,,,,
//SRC定義,(NULL),gr,x,y,w,h,div_x,div_y,cycle,timer,op1,op2,op3,,,,,,,
#SRC_IMAGE,0,9,320,450,20,72,1,1,0,0,0,0,0,,,,,,,
//DST定義,(NULL),time,x,y,w,h,acc,a,r,g,b,blend,filter,angle,center,loop,timer,op1,op2,op3
#DST_IMAGE,0,1250,320,12,20,72,0,255,255,255,255,2,0,0,0,1250,0,0,0,0
#DST_IMAGE,0,2249,320,12,20,72,0,255,255,255,255,2,0,0,0,,,,,
#DST_IMAGE,0,2250,320,12,20,72,0,0,255,255,255,2,0,0,0,,,,,
#DST_IMAGE,0,5250,320,12,20,72,0,0,255,255,255,2,0,0,0,,,,,
,,,,,,,,,,,,,,,,,,,,
//ビーム上17,,,,,,,,,,,,,,,,,,,,
//SRC定義,(NULL),gr,x,y,w,h,div_x,div_y,cycle,timer,op1,op2,op3,,,,,,,
#SRC_IMAGE,0,9,340,450,20,72,1,1,0,0,0,0,0,,,,,,,
//DST定義,(NULL),time,x,y,w,h,acc,a,r,g,b,blend,filter,angle,center,loop,timer,op1,op2,op3
#DST_IMAGE,0,1266,340,12,20,72,0,255,255,255,255,2,0,0,0,1266,0,0,0,0
#DST_IMAGE,0,2265,340,12,20,72,0,255,255,255,255,2,0,0,0,,,,,
#DST_IMAGE,0,2266,340,12,20,72,0,0,255,255,255,2,0,0,0,,,,,
#DST_IMAGE,0,5266,340,12,20,72,0,0,255,255,255,2,0,0,0,,,,,
,,,,,,,,,,,,,,,,,,,,
//ビーム上18,,,,,,,,,,,,,,,,,,,,
//SRC定義,(NULL),gr,x,y,w,h,div_x,div_y,cycle,timer,op1,op2,op3,,,,,,,
#SRC_IMAGE,0,9,360,450,20,72,1,1,0,0,0,0,0,,,,,,,
//DST定義,(NULL),time,x,y,w,h,acc,a,r,g,b,blend,filter,angle,center,loop,timer,op1,op2,op3
#DST_IMAGE,0,1283,360,12,20,72,0,255,255,255,255,2,0,0,0,1283,0,0,0,0
#DST_IMAGE,0,2282,360,12,20,72,0,255,255,255,255,2,0,0,0,,,,,
#DST_IMAGE,0,2283,360,12,20,72,0,0,255,255,255,2,0,0,0,,,,,
#DST_IMAGE,0,5283,360,12,20,72,0,0,255,255,255,2,0,0,0,,,,,
,,,,,,,,,,,,,,,,,,,,
//ビーム上19,,,,,,,,,,,,,,,,,,,,
//SRC定義,(NULL),gr,x,y,w,h,div_x,div_y,cycle,timer,op1,op2,op3,,,,,,,
#SRC_IMAGE,0,9,380,450,20,72,1,1,0,0,0,0,0,,,,,,,
//DST定義,(NULL),time,x,y,w,h,acc,a,r,g,b,blend,filter,angle,center,loop,timer,op1,op2,op3
#DST_IMAGE,0,1300,380,12,20,72,0,255,255,255,255,2,0,0,0,1300,0,0,0,0
#DST_IMAGE,0,2299,380,12,20,72,0,255,255,255,255,2,0,0,0,,,,,
#DST_IMAGE,0,2300,380,12,20,72,0,0,255,255,255,2,0,0,0,,,,,
#DST_IMAGE,0,5300,380,12,20,72,0,0,255,255,255,2,0,0,0,,,,,
,,,,,,,,,,,,,,,,,,,,
//ビーム上20,,,,,,,,,,,,,,,,,,,,
//SRC定義,(NULL),gr,x,y,w,h,div_x,div_y,cycle,timer,op1,op2,op3,,,,,,,
#SRC_IMAGE,0,9,400,450,20,72,1,1,0,0,0,0,0,,,,,,,
//DST定義,(NULL),time,x,y,w,h,acc,a,r,g,b,blend,filter,angle,center,loop,timer,op1,op2,op3
#DST_IMAGE,0,1316,400,12,20,72,0,255,255,255,255,2,0,0,0,1316,0,0,0,0
#DST_IMAGE,0,2315,400,12,20,72,0,255,255,255,255,2,0,0,0,,,,,
#DST_IMAGE,0,2316,400,12,20,72,0,0,255,255,255,2,0,0,0,,,,,
#DST_IMAGE,0,5316,400,12,20,72,0,0,255,255,255,2,0,0,0,,,,,
,,,,,,,,,,,,,,,,,,,,
//ビーム上21,,,,,,,,,,,,,,,,,,,,
//SRC定義,(NULL),gr,x,y,w,h,div_x,div_y,cycle,timer,op1,op2,op3,,,,,,,
#SRC_IMAGE,0,9,420,450,20,72,1,1,0,0,0,0,0,,,,,,,
//DST定義,(NULL),time,x,y,w,h,acc,a,r,g,b,blend,filter,angle,center,loop,timer,op1,op2,op3
#DST_IMAGE,0,1333,420,12,20,72,0,255,255,255,255,2,0,0,0,1333,0,0,0,0
#DST_IMAGE,0,2332,420,12,20,72,0,255,255,255,255,2,0,0,0,,,,,
#DST_IMAGE,0,2333,420,12,20,72,0,0,255,255,255,2,0,0,0,,,,,
#DST_IMAGE,0,5333,420,12,20,72,0,0,255,255,255,2,0,0,0,,,,,
,,,,,,,,,,,,,,,,,,,,
//ビーム上22,,,,,,,,,,,,,,,,,,,,
//SRC定義,(NULL),gr,x,y,w,h,div_x,div_y,cycle,timer,op1,op2,op3,,,,,,,
#SRC_IMAGE,0,9,440,450,20,72,1,1,0,0,0,0,0,,,,,,,
//DST定義,(NULL),time,x,y,w,h,acc,a,r,g,b,blend,filter,angle,center,loop,timer,op1,op2,op3
#DST_IMAGE,0,1350,440,12,20,72,0,255,255,255,255,2,0,0,0,1350,0,0,0,0
#DST_IMAGE,0,2349,440,12,20,72,0,255,255,255,255,2,0,0,0,,,,,
#DST_IMAGE,0,2350,440,12,20,72,0,0,255,255,255,2,0,0,0,,,,,
#DST_IMAGE,0,5350,440,12,20,72,0,0,255,255,255,2,0,0,0,,,,,
,,,,,,,,,,,,,,,,,,,,
//ビーム上23,,,,,,,,,,,,,,,,,,,,
//SRC定義,(NULL),gr,x,y,w,h,div_x,div_y,cycle,timer,op1,op2,op3,,,,,,,
#SRC_IMAGE,0,9,460,450,20,72,1,1,0,0,0,0,0,,,,,,,
//DST定義,(NULL),time,x,y,w,h,acc,a,r,g,b,blend,filter,angle,center,loop,timer,op1,op2,op3
#DST_IMAGE,0,1366,460,12,20,72,0,255,255,255,255,2,0,0,0,1366,0,0,0,0
#DST_IMAGE,0,2365,460,12,20,72,0,255,255,255,255,2,0,0,0,,,,,
#DST_IMAGE,0,2366,460,12,20,72,0,0,255,255,255,2,0,0,0,,,,,
#DST_IMAGE,0,5366,460,12,20,72,0,0,255,255,255,2,0,0,0,,,,,
,,,,,,,,,,,,,,,,,,,,
//ビーム上24,,,,,,,,,,,,,,,,,,,,
//SRC定義,(NULL),gr,x,y,w,h,div_x,div_y,cycle,timer,op1,op2,op3,,,,,,,
#SRC_IMAGE,0,9,480,450,20,72,1,1,0,0,0,0,0,,,,,,,
//DST定義,(NULL),time,x,y,w,h,acc,a,r,g,b,blend,filter,angle,center,loop,timer,op1,op2,op3
#DST_IMAGE,0,1383,480,12,20,72,0,255,255,255,255,2,0,0,0,1383,0,0,0,0
#DST_IMAGE,0,2382,480,12,20,72,0,255,255,255,255,2,0,0,0,,,,,
#DST_IMAGE,0,2383,480,12,20,72,0,0,255,255,255,2,0,0,0,,,,,
#DST_IMAGE,0,5383,480,12,20,72,0,0,255,255,255,2,0,0,0,,,,,
,,,,,,,,,,,,,,,,,,,,
//ビーム上25,,,,,,,,,,,,,,,,,,,,
//SRC定義,(NULL),gr,x,y,w,h,div_x,div_y,cycle,timer,op1,op2,op3,,,,,,,
#SRC_IMAGE,0,9,500,450,20,72,1,1,0,0,0,0,0,,,,,,,
//DST定義,(NULL),time,x,y,w,h,acc,a,r,g,b,blend,filter,angle,center,loop,timer,op1,op2,op3
#DST_IMAGE,0,1400,500,12,20,72,0,255,255,255,255,2,0,0,0,1400,0,0,0,0
#DST_IMAGE,0,2399,500,12,20,72,0,255,255,255,255,2,0,0,0,,,,,
#DST_IMAGE,0,2400,500,12,20,72,0,0,255,255,255,2,0,0,0,,,,,
#DST_IMAGE,0,5400,500,12,20,72,0,0,255,255,255,2,0,0,0,,,,,
,,,,,,,,,,,,,,,,,,,,
//ビーム上26,,,,,,,,,,,,,,,,,,,,
//SRC定義,(NULL),gr,x,y,w,h,div_x,div_y,cycle,timer,op1,op2,op3,,,,,,,
#SRC_IMAGE,0,9,520,450,20,72,1,1,0,0,0,0,0,,,,,,,
//DST定義,(NULL),time,x,y,w,h,acc,a,r,g,b,blend,filter,angle,center,loop,timer,op1,op2,op3
#DST_IMAGE,0,1416,520,12,20,72,0,255,255,255,255,2,0,0,0,1416,0,0,0,0
#DST_IMAGE,0,2415,520,12,20,72,0,255,255,255,255,2,0,0,0,,,,,
#DST_IMAGE,0,2416,520,12,20,72,0,0,255,255,255,2,0,0,0,,,,,
#DST_IMAGE,0,5416,520,12,20,72,0,0,255,255,255,2,0,0,0,,,,,
,,,,,,,,,,,,,,,,,,,,
//ビーム上27,,,,,,,,,,,,,,,,,,,,
//SRC定義,(NULL),gr,x,y,w,h,div_x,div_y,cycle,timer,op1,op2,op3,,,,,,,
#SRC_IMAGE,0,9,540,450,20,72,1,1,0,0,0,0,0,,,,,,,
//DST定義,(NULL),time,x,y,w,h,acc,a,r,g,b,blend,filter,angle,center,loop,timer,op1,op2,op3
#DST_IMAGE,0,1433,540,12,20,72,0,255,255,255,255,2,0,0,0,1433,0,0,0,0
#DST_IMAGE,0,2432,540,12,20,72,0,255,255,255,255,2,0,0,0,,,,,
#DST_IMAGE,0,2433,540,12,20,72,0,0,255,255,255,2,0,0,0,,,,,
#DST_IMAGE,0,5433,540,12,20,72,0,0,255,255,255,2,0,0,0,,,,,
,,,,,,,,,,,,,,,,,,,,
//ビーム上28,,,,,,,,,,,,,,,,,,,,
//SRC定義,(NULL),gr,x,y,w,h,div_x,div_y,cycle,timer,op1,op2,op3,,,,,,,
#SRC_IMAGE,0,9,560,450,20,72,1,1,0,0,0,0,0,,,,,,,
//DST定義,(NULL),time,x,y,w,h,acc,a,r,g,b,blend,filter,angle,center,loop,timer,op1,op2,op3
#DST_IMAGE,0,1450,560,12,20,72,0,255,255,255,255,2,0,0,0,1450,0,0,0,0
#DST_IMAGE,0,2449,560,12,20,72,0,255,255,255,255,2,0,0,0,,,,,
#DST_IMAGE,0,2450,560,12,20,72,0,0,255,255,255,2,0,0,0,,,,,
#DST_IMAGE,0,5450,560,12,20,72,0,0,255,255,255,2,0,0,0,,,,,
,,,,,,,,,,,,,,,,,,,,
//ビーム上29,,,,,,,,,,,,,,,,,,,,
//SRC定義,(NULL),gr,x,y,w,h,div_x,div_y,cycle,timer,op1,op2,op3,,,,,,,
#SRC_IMAGE,0,9,580,450,20,72,1,1,0,0,0,0,0,,,,,,,
//DST定義,(NULL),time,x,y,w,h,acc,a,r,g,b,blend,filter,angle,center,loop,timer,op1,op2,op3
#DST_IMAGE,0,1466,580,12,20,72,0,255,255,255,255,2,0,0,0,1466,0,0,0,0
#DST_IMAGE,0,2465,580,12,20,72,0,255,255,255,255,2,0,0,0,,,,,
#DST_IMAGE,0,2466,580,12,20,72,0,0,255,255,255,2,0,0,0,,,,,
#DST_IMAGE,0,5466,580,12,20,72,0,0,255,255,255,2,0,0,0,,,,,
,,,,,,,,,,,,,,,,,,,,
//ビーム上30,,,,,,,,,,,,,,,,,,,,
//SRC定義,(NULL),gr,x,y,w,h,div_x,div_y,cycle,timer,op1,op2,op3,,,,,,,
#SRC_IMAGE,0,9,600,450,20,72,1,1,0,0,0,0,0,,,,,,,
//DST定義,(NULL),time,x,y,w,h,acc,a,r,g,b,blend,filter,angle,center,loop,timer,op1,op2,op3
#DST_IMAGE,0,1483,600,12,20,72,0,255,255,255,255,2,0,0,0,1483,0,0,0,0
#DST_IMAGE,0,2482,600,12,20,72,0,255,255,255,255,2,0,0,0,,,,,
#DST_IMAGE,0,2483,600,12,20,72,0,0,255,255,255,2,0,0,0,,,,,
#DST_IMAGE,0,5483,600,12,20,72,0,0,255,255,255,2,0,0,0,,,,,
,,,,,,,,,,,,,,,,,,,,
//ビーム上31,,,,,,,,,,,,,,,,,,,,
//SRC定義,(NULL),gr,x,y,w,h,div_x,div_y,cycle,timer,op1,op2,op3,,,,,,,
#SRC_IMAGE,0,9,620,450,20,72,1,1,0,0,0,0,0,,,,,,,
//DST定義,(NULL),time,x,y,w,h,acc,a,r,g,b,blend,filter,angle,center,loop,timer,op1,op2,op3
#DST_IMAGE,0,1500,620,12,20,72,0,255,255,255,255,2,0,0,0,1500,0,0,0,0
#DST_IMAGE,0,2499,620,12,20,72,0,255,255,255,255,2,0,0,0,,,,,
#DST_IMAGE,0,2500,620,12,20,72,0,0,255,255,255,2,0,0,0,,,,,
#DST_IMAGE,0,5500,620,12,20,72,0,0,255,255,255,2,0,0,0,,,,,
,,,,,,,,,,,,,,,,,,,,
//ビーム上32,,,,,,,,,,,,,,,,,,,,
//SRC定義,(NULL),gr,x,y,w,h,div_x,div_y,cycle,timer,op1,op2,op3,,,,,,,
#SRC_IMAGE,0,9,640,450,20,72,1,1,0,0,0,0,0,,,,,,,
//DST定義,(NULL),time,x,y,w,h,acc,a,r,g,b,blend,filter,angle,center,loop,timer,op1,op2,op3
#DST_IMAGE,0,1516,640,12,20,72,0,255,255,255,255,2,0,0,0,1516,0,0,0,0
#DST_IMAGE,0,2515,640,12,20,72,0,255,255,255,255,2,0,0,0,,,,,
#DST_IMAGE,0,2516,640,12,20,72,0,0,255,255,255,2,0,0,0,,,,,
#DST_IMAGE,0,5516,640,12,20,72,0,0,255,255,255,2,0,0,0,,,,,
,,,,,,,,,,,,,,,,,,,,
//ビーム上33,,,,,,,,,,,,,,,,,,,,
//SRC定義,(NULL),gr,x,y,w,h,div_x,div_y,cycle,timer,op1,op2,op3,,,,,,,
#SRC_IMAGE,0,9,660,450,20,72,1,1,0,0,0,0,0,,,,,,,
//DST定義,(NULL),time,x,y,w,h,acc,a,r,g,b,blend,filter,angle,center,loop,timer,op1,op2,op3
#DST_IMAGE,0,1533,660,12,20,72,0,255,255,255,255,2,0,0,0,1533,0,0,0,0
#DST_IMAGE,0,2532,660,12,20,72,0,255,255,255,255,2,0,0,0,,,,,
#DST_IMAGE,0,2533,660,12,20,72,0,0,255,255,255,2,0,0,0,,,,,
#DST_IMAGE,0,5533,660,12,20,72,0,0,255,255,255,2,0,0,0,,,,,
,,,,,,,,,,,,,,,,,,,,
//ビーム上34,,,,,,,,,,,,,,,,,,,,
//SRC定義,(NULL),gr,x,y,w,h,div_x,div_y,cycle,timer,op1,op2,op3,,,,,,,
#SRC_IMAGE,0,9,680,450,20,72,1,1,0,0,0,0,0,,,,,,,
//DST定義,(NULL),time,x,y,w,h,acc,a,r,g,b,blend,filter,angle,center,loop,timer,op1,op2,op3
#DST_IMAGE,0,1550,680,12,20,72,0,255,255,255,255,2,0,0,0,1550,0,0,0,0
#DST_IMAGE,0,2549,680,12,20,72,0,255,255,255,255,2,0,0,0,,,,,
#DST_IMAGE,0,2550,680,12,20,72,0,0,255,255,255,2,0,0,0,,,,,
#DST_IMAGE,0,5550,680,12,20,72,0,0,255,255,255,2,0,0,0,,,,,
,,,,,,,,,,,,,,,,,,,,
//ビーム上35,,,,,,,,,,,,,,,,,,,,
//SRC定義,(NULL),gr,x,y,w,h,div_x,div_y,cycle,timer,op1,op2,op3,,,,,,,
#SRC_IMAGE,0,9,700,450,20,72,1,1,0,0,0,0,0,,,,,,,
//DST定義,(NULL),time,x,y,w,h,acc,a,r,g,b,blend,filter,angle,center,loop,timer,op1,op2,op3
#DST_IMAGE,0,1566,700,12,20,72,0,255,255,255,255,2,0,0,0,1566,0,0,0,0
#DST_IMAGE,0,2565,700,12,20,72,0,255,255,255,255,2,0,0,0,,,,,
#DST_IMAGE,0,2566,700,12,20,72,0,0,255,255,255,2,0,0,0,,,,,
#DST_IMAGE,0,5566,700,12,20,72,0,0,255,255,255,2,0,0,0,,,,,
,,,,,,,,,,,,,,,,,,,,
//ビーム上36,,,,,,,,,,,,,,,,,,,,
//SRC定義,(NULL),gr,x,y,w,h,div_x,div_y,cycle,timer,op1,op2,op3,,,,,,,
#SRC_IMAGE,0,9,720,450,20,72,1,1,0,0,0,0,0,,,,,,,
//DST定義,(NULL),time,x,y,w,h,acc,a,r,g,b,blend,filter,angle,center,loop,timer,op1,op2,op3
#DST_IMAGE,0,1583,720,12,20,72,0,255,255,255,255,2,0,0,0,1583,0,0,0,0
#DST_IMAGE,0,2582,720,12,20,72,0,255,255,255,255,2,0,0,0,,,,,
#DST_IMAGE,0,2583,720,12,20,72,0,0,255,255,255,2,0,0,0,,,,,
#DST_IMAGE,0,5583,720,12,20,72,0,0,255,255,255,2,0,0,0,,,,,
,,,,,,,,,,,,,,,,,,,,
//ビーム上37,,,,,,,,,,,,,,,,,,,,
//SRC定義,(NULL),gr,x,y,w,h,div_x,div_y,cycle,timer,op1,op2,op3,,,,,,,
#SRC_IMAGE,0,9,740,450,20,72,1,1,0,0,0,0,0,,,,,,,
//DST定義,(NULL),time,x,y,w,h,acc,a,r,g,b,blend,filter,angle,center,loop,timer,op1,op2,op3
#DST_IMAGE,0,1600,740,12,20,72,0,255,255,255,255,2,0,0,0,1600,0,0,0,0
#DST_IMAGE,0,2599,740,12,20,72,0,255,255,255,255,2,0,0,0,,,,,
#DST_IMAGE,0,2600,740,12,20,72,0,0,255,255,255,2,0,0,0,,,,,
#DST_IMAGE,0,5600,740,12,20,72,0,0,255,255,255,2,0,0,0,,,,,
,,,,,,,,,,,,,,,,,,,,
//ビーム上38,,,,,,,,,,,,,,,,,,,,
//SRC定義,(NULL),gr,x,y,w,h,div_x,div_y,cycle,timer,op1,op2,op3,,,,,,,
#SRC_IMAGE,0,9,760,450,20,72,1,1,0,0,0,0,0,,,,,,,
//DST定義,(NULL),time,x,y,w,h,acc,a,r,g,b,blend,filter,angle,center,loop,timer,op1,op2,op3
#DST_IMAGE,0,1616,760,12,20,72,0,255,255,255,255,2,0,0,0,1616,0,0,0,0
#DST_IMAGE,0,2615,760,12,20,72,0,255,255,255,255,2,0,0,0,,,,,
#DST_IMAGE,0,2616,760,12,20,72,0,0,255,255,255,2,0,0,0,,,,,
#DST_IMAGE,0,5616,760,12,20,72,0,0,255,255,255,2,0,0,0,,,,,
,,,,,,,,,,,,,,,,,,,,
//ビーム上39,,,,,,,,,,,,,,,,,,,,
//SRC定義,(NULL),gr,x,y,w,h,div_x,div_y,cycle,timer,op1,op2,op3,,,,,,,
#SRC_IMAGE,0,9,780,450,20,72,1,1,0,0,0,0,0,,,,,,,
//DST定義,(NULL),time,x,y,w,h,acc,a,r,g,b,blend,filter,angle,center,loop,timer,op1,op2,op3
#DST_IMAGE,0,1633,780,12,20,72,0,255,255,255,255,2,0,0,0,1633,0,0,0,0
#DST_IMAGE,0,2632,780,12,20,72,0,255,255,255,255,2,0,0,0,,,,,
#DST_IMAGE,0,2633,780,12,20,72,0,0,255,255,255,2,0,0,0,,,,,
#DST_IMAGE,0,5633,780,12,20,72,0,0,255,255,255,2,0,0,0,,,,,
,,,,,,,,,,,,,,,,,,,,
//ビーム上40,,,,,,,,,,,,,,,,,,,,
//SRC定義,(NULL),gr,x,y,w,h,div_x,div_y,cycle,timer,op1,op2,op3,,,,,,,
#SRC_IMAGE,0,9,800,450,20,72,1,1,0,0,0,0,0,,,,,,,
//DST定義,(NULL),time,x,y,w,h,acc,a,r,g,b,blend,filter,angle,center,loop,timer,op1,op2,op3
#DST_IMAGE,0,1650,800,12,20,72,0,255,255,255,255,2,0,0,0,1650,0,0,0,0
#DST_IMAGE,0,2649,800,12,20,72,0,255,255,255,255,2,0,0,0,,,,,
#DST_IMAGE,0,2650,800,12,20,72,0,0,255,255,255,2,0,0,0,,,,,
#DST_IMAGE,0,5650,800,12,20,72,0,0,255,255,255,2,0,0,0,,,,,
,,,,,,,,,,,,,,,,,,,,
//ビーム上41,,,,,,,,,,,,,,,,,,,,
//SRC定義,(NULL),gr,x,y,w,h,div_x,div_y,cycle,timer,op1,op2,op3,,,,,,,
#SRC_IMAGE,0,9,820,450,20,72,1,1,0,0,0,0,0,,,,,,,
//DST定義,(NULL),time,x,y,w,h,acc,a,r,g,b,blend,filter,angle,center,loop,timer,op1,op2,op3
#DST_IMAGE,0,1666,820,12,20,72,0,255,255,255,255,2,0,0,0,1666,0,0,0,0
#DST_IMAGE,0,2665,820,12,20,72,0,255,255,255,255,2,0,0,0,,,,,
#DST_IMAGE,0,2666,820,12,20,72,0,0,255,255,255,2,0,0,0,,,,,
#DST_IMAGE,0,5666,820,12,20,72,0,0,255,255,255,2,0,0,0,,,,,
,,,,,,,,,,,,,,,,,,,,
//ビーム上42,,,,,,,,,,,,,,,,,,,,
//SRC定義,(NULL),gr,x,y,w,h,div_x,div_y,cycle,timer,op1,op2,op3,,,,,,,
#SRC_IMAGE,0,9,840,450,20,72,1,1,0,0,0,0,0,,,,,,,
//DST定義,(NULL),time,x,y,w,h,acc,a,r,g,b,blend,filter,angle,center,loop,timer,op1,op2,op3
#DST_IMAGE,0,1683,840,12,20,72,0,255,255,255,255,2,0,0,0,1683,0,0,0,0
#DST_IMAGE,0,2682,840,12,20,72,0,255,255,255,255,2,0,0,0,,,,,
#DST_IMAGE,0,2683,840,12,20,72,0,0,255,255,255,2,0,0,0,,,,,
#DST_IMAGE,0,5683,840,12,20,72,0,0,255,255,255,2,0,0,0,,,,,
,,,,,,,,,,,,,,,,,,,,
//ビーム上43,,,,,,,,,,,,,,,,,,,,
//SRC定義,(NULL),gr,x,y,w,h,div_x,div_y,cycle,timer,op1,op2,op3,,,,,,,
#SRC_IMAGE,0,9,860,450,20,72,1,1,0,0,0,0,0,,,,,,,
//DST定義,(NULL),time,x,y,w,h,acc,a,r,g,b,blend,filter,angle,center,loop,timer,op1,op2,op3
#DST_IMAGE,0,1700,860,12,20,72,0,255,255,255,255,2,0,0,0,1700,0,0,0,0
#DST_IMAGE,0,2699,860,12,20,72,0,255,255,255,255,2,0,0,0,,,,,
#DST_IMAGE,0,2700,860,12,20,72,0,0,255,255,255,2,0,0,0,,,,,
#DST_IMAGE,0,5700,860,12,20,72,0,0,255,255,255,2,0,0,0,,,,,
,,,,,,,,,,,,,,,,,,,,
//ビーム上44,,,,,,,,,,,,,,,,,,,,
//SRC定義,(NULL),gr,x,y,w,h,div_x,div_y,cycle,timer,op1,op2,op3,,,,,,,
#SRC_IMAGE,0,9,880,450,20,72,1,1,0,0,0,0,0,,,,,,,
//DST定義,(NULL),time,x,y,w,h,acc,a,r,g,b,blend,filter,angle,center,loop,timer,op1,op2,op3
#DST_IMAGE,0,1716,880,12,20,72,0,255,255,255,255,2,0,0,0,1716,0,0,0,0
#DST_IMAGE,0,2715,880,12,20,72,0,255,255,255,255,2,0,0,0,,,,,
#DST_IMAGE,0,2716,880,12,20,72,0,0,255,255,255,2,0,0,0,,,,,
#DST_IMAGE,0,5716,880,12,20,72,0,0,255,255,255,2,0,0,0,,,,,
,,,,,,,,,,,,,,,,,,,,
//ビーム上45,,,,,,,,,,,,,,,,,,,,
//SRC定義,(NULL),gr,x,y,w,h,div_x,div_y,cycle,timer,op1,op2,op3,,,,,,,
#SRC_IMAGE,0,9,900,450,20,72,1,1,0,0,0,0,0,,,,,,,
//DST定義,(NULL),time,x,y,w,h,acc,a,r,g,b,blend,filter,angle,center,loop,timer,op1,op2,op3
#DST_IMAGE,0,1733,900,12,20,72,0,255,255,255,255,2,0,0,0,1733,0,0,0,0
#DST_IMAGE,0,2732,900,12,20,72,0,255,255,255,255,2,0,0,0,,,,,
#DST_IMAGE,0,2733,900,12,20,72,0,0,255,255,255,2,0,0,0,,,,,
#DST_IMAGE,0,5733,900,12,20,72,0,0,255,255,255,2,0,0,0,,,,,
,,,,,,,,,,,,,,,,,,,,
//ビーム上46,,,,,,,,,,,,,,,,,,,,
//SRC定義,(NULL),gr,x,y,w,h,div_x,div_y,cycle,timer,op1,op2,op3,,,,,,,
#SRC_IMAGE,0,9,920,450,20,72,1,1,0,0,0,0,0,,,,,,,
//DST定義,(NULL),time,x,y,w,h,acc,a,r,g,b,blend,filter,angle,center,loop,timer,op1,op2,op3
#DST_IMAGE,0,1750,920,12,20,72,0,255,255,255,255,2,0,0,0,1750,0,0,0,0
#DST_IMAGE,0,2749,920,12,20,72,0,255,255,255,255,2,0,0,0,,,,,
#DST_IMAGE,0,2750,920,12,20,72,0,0,255,255,255,2,0,0,0,,,,,
#DST_IMAGE,0,5750,920,12,20,72,0,0,255,255,255,2,0,0,0,,,,,
,,,,,,,,,,,,,,,,,,,,
//ビーム上47,,,,,,,,,,,,,,,,,,,,
//SRC定義,(NULL),gr,x,y,w,h,div_x,div_y,cycle,timer,op1,op2,op3,,,,,,,
#SRC_IMAGE,0,9,940,450,20,72,1,1,0,0,0,0,0,,,,,,,
//DST定義,(NULL),time,x,y,w,h,acc,a,r,g,b,blend,filter,angle,center,loop,timer,op1,op2,op3
#DST_IMAGE,0,1766,940,12,20,72,0,255,255,255,255,2,0,0,0,1766,0,0,0,0
#DST_IMAGE,0,2765,940,12,20,72,0,255,255,255,255,2,0,0,0,,,,,
#DST_IMAGE,0,2766,940,12,20,72,0,0,255,255,255,2,0,0,0,,,,,
#DST_IMAGE,0,5766,940,12,20,72,0,0,255,255,255,2,0,0,0,,,,,
,,,,,,,,,,,,,,,,,,,,
//ビーム上48,,,,,,,,,,,,,,,,,,,,
//SRC定義,(NULL),gr,x,y,w,h,div_x,div_y,cycle,timer,op1,op2,op3,,,,,,,
#SRC_IMAGE,0,9,960,450,20,72,1,1,0,0,0,0,0,,,,,,,
//DST定義,(NULL),time,x,y,w,h,acc,a,r,g,b,blend,filter,angle,center,loop,timer,op1,op2,op3
#DST_IMAGE,0,1783,960,12,20,72,0,255,255,255,255,2,0,0,0,1783,0,0,0,0
#DST_IMAGE,0,2782,960,12,20,72,0,255,255,255,255,2,0,0,0,,,,,
#DST_IMAGE,0,2783,960,12,20,72,0,0,255,255,255,2,0,0,0,,,,,
#DST_IMAGE,0,5783,960,12,20,72,0,0,255,255,255,2,0,0,0,,,,,
,,,,,,,,,,,,,,,,,,,,
//ビーム上49,,,,,,,,,,,,,,,,,,,,
//SRC定義,(NULL),gr,x,y,w,h,div_x,div_y,cycle,timer,op1,op2,op3,,,,,,,
#SRC_IMAGE,0,9,980,450,20,72,1,1,0,0,0,0,0,,,,,,,
//DST定義,(NULL),time,x,y,w,h,acc,a,r,g,b,blend,filter,angle,center,loop,timer,op1,op2,op3
#DST_IMAGE,0,1800,980,12,20,72,0,255,255,255,255,2,0,0,0,1800,0,0,0,0
#DST_IMAGE,0,2799,980,12,20,72,0,255,255,255,255,2,0,0,0,,,,,
#DST_IMAGE,0,2800,980,12,20,72,0,0,255,255,255,2,0,0,0,,,,,
#DST_IMAGE,0,5800,980,12,20,72,0,0,255,255,255,2,0,0,0,,,,,
,,,,,,,,,,,,,,,,,,,,
//ビーム上50,,,,,,,,,,,,,,,,,,,,
//SRC定義,(NULL),gr,x,y,w,h,div_x,div_y,cycle,timer,op1,op2,op3,,,,,,,
#SRC_IMAGE,0,9,1000,450,20,72,1,1,0,0,0,0,0,,,,,,,
//DST定義,(NULL),time,x,y,w,h,acc,a,r,g,b,blend,filter,angle,center,loop,timer,op1,op2,op3
#DST_IMAGE,0,1816,1000,12,20,72,0,255,255,255,255,2,0,0,0,1816,0,0,0,0
#DST_IMAGE,0,2815,1000,12,20,72,0,255,255,255,255,2,0,0,0,,,,,
#DST_IMAGE,0,2816,1000,12,20,72,0,0,255,255,255,2,0,0,0,,,,,
#DST_IMAGE,0,5816,1000,12,20,72,0,0,255,255,255,2,0,0,0,,,,,
,,,,,,,,,,,,,,,,,,,,
//ビーム上51,,,,,,,,,,,,,,,,,,,,
//SRC定義,(NULL),gr,x,y,w,h,div_x,div_y,cycle,timer,op1,op2,op3,,,,,,,
#SRC_IMAGE,0,9,1020,450,26,72,1,1,0,0,0,0,0,,,,,,,
//DST定義,(NULL),time,x,y,w,h,acc,a,r,g,b,blend,filter,angle,center,loop,timer,op1,op2,op3
#DST_IMAGE,0,1833,1020,12,26,72,0,255,255,255,255,2,0,0,0,1833,0,0,0,0
#DST_IMAGE,0,2832,1020,12,26,72,0,255,255,255,255,2,0,0,0,,,,,
#DST_IMAGE,0,2833,1020,12,26,72,0,0,255,255,255,2,0,0,0,,,,,
#DST_IMAGE,0,5833,1020,12,26,72,0,0,255,255,255,2,0,0,0,,,,,
,,,,,,,,,,,,,,,,,,,,
//ビーム上52,,,,,,,,,,,,,,,,,,,,
//SRC定義,(NULL),gr,x,y,w,h,div_x,div_y,cycle,timer,op1,op2,op3,,,,,,,
#SRC_IMAGE,0,9,1046,450,26,72,1,1,0,0,0,0,0,,,,,,,
//DST定義,(NULL),time,x,y,w,h,acc,a,r,g,b,blend,filter,angle,center,loop,timer,op1,op2,op3
#DST_IMAGE,0,1850,1046,12,26,72,0,255,255,255,255,2,0,0,0,1850,0,0,0,0
#DST_IMAGE,0,2849,1046,12,26,72,0,255,255,255,255,2,0,0,0,,,,,
#DST_IMAGE,0,2850,1046,12,26,72,0,0,255,255,255,2,0,0,0,,,,,
#DST_IMAGE,0,5850,1046,12,26,72,0,0,255,255,255,2,0,0,0,,,,,
,,,,,,,,,,,,,,,,,,,,
//ビーム上53,,,,,,,,,,,,,,,,,,,,
//SRC定義,(NULL),gr,x,y,w,h,div_x,div_y,cycle,timer,op1,op2,op3,,,,,,,
#SRC_IMAGE,0,9,1072,450,26,72,1,1,0,0,0,0,0,,,,,,,
//DST定義,(NULL),time,x,y,w,h,acc,a,r,g,b,blend,filter,angle,center,loop,timer,op1,op2,op3
#DST_IMAGE,0,1866,1072,12,26,72,0,255,255,255,255,2,0,0,0,1866,0,0,0,0
#DST_IMAGE,0,2865,1072,12,26,72,0,255,255,255,255,2,0,0,0,,,,,
#DST_IMAGE,0,2866,1072,12,26,72,0,0,255,255,255,2,0,0,0,,,,,
#DST_IMAGE,0,5866,1072,12,26,72,0,0,255,255,255,2,0,0,0,,,,,
,,,,,,,,,,,,,,,,,,,,
//ビーム上54,,,,,,,,,,,,,,,,,,,,
//SRC定義,(NULL),gr,x,y,w,h,div_x,div_y,cycle,timer,op1,op2,op3,,,,,,,
#SRC_IMAGE,0,9,1098,450,26,72,1,1,0,0,0,0,0,,,,,,,
//DST定義,(NULL),time,x,y,w,h,acc,a,r,g,b,blend,filter,angle,center,loop,timer,op1,op2,op3
#DST_IMAGE,0,1883,1098,12,26,72,0,255,255,255,255,2,0,0,0,1883,0,0,0,0
#DST_IMAGE,0,2882,1098,12,26,72,0,255,255,255,255,2,0,0,0,,,,,
#DST_IMAGE,0,2883,1098,12,26,72,0,0,255,255,255,2,0,0,0,,,,,
#DST_IMAGE,0,5883,1098,12,26,72,0,0,255,255,255,2,0,0,0,,,,,
,,,,,,,,,,,,,,,,,,,,
//ビーム上55,,,,,,,,,,,,,,,,,,,,
//SRC定義,(NULL),gr,x,y,w,h,div_x,div_y,cycle,timer,op1,op2,op3,,,,,,,
#SRC_IMAGE,0,9,1130,450,26,72,1,1,0,0,0,0,0,,,,,,,
//DST定義,(NULL),time,x,y,w,h,acc,a,r,g,b,blend,filter,angle,center,loop,timer,op1,op2,op3
#DST_IMAGE,0,1900,1124,12,26,72,0,255,255,255,255,2,0,0,0,1900,0,0,0,0
#DST_IMAGE,0,2899,1124,12,26,72,0,255,255,255,255,2,0,0,0,,,,,
#DST_IMAGE,0,2900,1124,12,26,72,0,0,255,255,255,2,0,0,0,,,,,
#DST_IMAGE,0,5900,1124,12,26,72,0,0,255,255,255,2,0,0,0,,,,,
,,,,,,,,,,,,,,,,,,,,
//ビーム上56,,,,,,,,,,,,,,,,,,,,
//SRC定義,(NULL),gr,x,y,w,h,div_x,div_y,cycle,timer,op1,op2,op3,,,,,,,
#SRC_IMAGE,0,9,1150,450,26,72,1,1,0,0,0,0,0,,,,,,,
//DST定義,(NULL),time,x,y,w,h,acc,a,r,g,b,blend,filter,angle,center,loop,timer,op1,op2,op3
#DST_IMAGE,0,1916,1150,12,26,72,0,255,255,255,255,2,0,0,0,1916,0,0,0,0
#DST_IMAGE,0,2915,1150,12,26,72,0,255,255,255,255,2,0,0,0,,,,,
#DST_IMAGE,0,2916,1150,12,26,72,0,0,255,255,255,2,0,0,0,,,,,
#DST_IMAGE,0,5916,1150,12,26,72,0,0,255,255,255,2,0,0,0,,,,,
,,,,,,,,,,,,,,,,,,,,
//ビーム上57,,,,,,,,,,,,,,,,,,,,
//SRC定義,(NULL),gr,x,y,w,h,div_x,div_y,cycle,timer,op1,op2,op3,,,,,,,
#SRC_IMAGE,0,9,1176,450,26,72,1,1,0,0,0,0,0,,,,,,,
//DST定義,(NULL),time,x,y,w,h,acc,a,r,g,b,blend,filter,angle,center,loop,timer,op1,op2,op3
#DST_IMAGE,0,1933,1176,12,26,72,0,255,255,255,255,2,0,0,0,1933,0,0,0,0
#DST_IMAGE,0,2932,1176,12,26,72,0,255,255,255,255,2,0,0,0,,,,,
#DST_IMAGE,0,2933,1176,12,26,72,0,0,255,255,255,2,0,0,0,,,,,
#DST_IMAGE,0,5933,1176,12,26,72,0,0,255,255,255,2,0,0,0,,,,,
,,,,,,,,,,,,,,,,,,,,
//ビーム上58,,,,,,,,,,,,,,,,,,,,
//SRC定義,(NULL),gr,x,y,w,h,div_x,div_y,cycle,timer,op1,op2,op3,,,,,,,
#SRC_IMAGE,0,9,1202,450,26,72,1,1,0,0,0,0,0,,,,,,,
//DST定義,(NULL),time,x,y,w,h,acc,a,r,g,b,blend,filter,angle,center,loop,timer,op1,op2,op3
#DST_IMAGE,0,1950,1202,12,26,72,0,255,255,255,255,2,0,0,0,1950,0,0,0,0
#DST_IMAGE,0,2949,1202,12,26,72,0,255,255,255,255,2,0,0,0,,,,,
#DST_IMAGE,0,2950,1202,12,26,72,0,0,255,255,255,2,0,0,0,,,,,
#DST_IMAGE,0,5950,1202,12,26,72,0,0,255,255,255,2,0,0,0,,,,,
,,,,,,,,,,,,,,,,,,,,
//ビーム上59,,,,,,,,,,,,,,,,,,,,
//SRC定義,(NULL),gr,x,y,w,h,div_x,div_y,cycle,timer,op1,op2,op3,,,,,,,
#SRC_IMAGE,0,9,1228,450,26,72,1,1,0,0,0,0,0,,,,,,,
//DST定義,(NULL),time,x,y,w,h,acc,a,r,g,b,blend,filter,angle,center,loop,timer,op1,op2,op3
#DST_IMAGE,0,1966,1228,12,26,72,0,255,255,255,255,2,0,0,0,1966,0,0,0,0
#DST_IMAGE,0,2965,1228,12,26,72,0,255,255,255,255,2,0,0,0,,,,,
#DST_IMAGE,0,2966,1228,12,26,72,0,0,255,255,255,2,0,0,0,,,,,
#DST_IMAGE,0,5966,1228,12,26,72,0,0,255,255,255,2,0,0,0,,,,,
,,,,,,,,,,,,,,,,,,,,
//ビーム上60,,,,,,,,,,,,,,,,,,,,
//SRC定義,(NULL),gr,x,y,w,h,div_x,div_y,cycle,timer,op1,op2,op3,,,,,,,
#SRC_IMAGE,0,9,1254,450,26,72,1,1,0,0,0,0,0,,,,,,,
//DST定義,(NULL),time,x,y,w,h,acc,a,r,g,b,blend,filter,angle,center,loop,timer,op1,op2,op3
#DST_IMAGE,0,1983,1254,12,26,72,0,255,255,255,255,2,0,0,0,1983,0,0,0,0
#DST_IMAGE,0,2982,1254,12,26,72,0,255,255,255,255,2,0,0,0,,,,,
#DST_IMAGE,0,2983,1254,12,26,72,0,0,255,255,255,2,0,0,0,,,,,
#DST_IMAGE,0,5983,1254,12,26,72,0,0,255,255,255,2,0,0,0,,,,,
,,,,,,,,,,,,,,,,,,,,
//ビーム下1,,,,,,,,,,,,,,,,,,,,
//SRC定義,(NULL),gr,x,y,w,h,div_x,div_y,cycle,timer,op1,op2,op3,,,,,,,
#SRC_IMAGE,0,9,0,600,22,96,1,1,0,0,0,0,0,,,,,,,
//DST定義,(NULL),time,x,y,w,h,acc,a,r,g,b,blend,filter,angle,center,loop,timer,op1,op2,op3
#DST_IMAGE,0,2000,0,13,22,96,0,255,255,255,255,2,0,0,0,2000,0,0,0,0
#DST_IMAGE,0,3000,0,13,22,96,0,255,255,255,255,2,0,0,0,,,,,
#DST_IMAGE,0,3001,0,13,22,96,0,0,255,255,255,2,0,0,0,,,,,
#DST_IMAGE,0,6000,0,13,22,96,0,0,255,255,255,2,0,0,0,,,,,
,,,,,,,,,,,,,,,,,,,,
//ビーム下2,,,,,,,,,,,,,,,,,,,,
//SRC定義,(NULL),gr,x,y,w,h,div_x,div_y,cycle,timer,op1,op2,op3,,,,,,,
#SRC_IMAGE,0,9,22,600,22,96,1,1,0,0,0,0,0,,,,,,,
//DST定義,(NULL),time,x,y,w,h,acc,a,r,g,b,blend,filter,angle,center,loop,timer,op1,op2,op3
#DST_IMAGE,0,2016,22,13,22,96,0,255,255,255,255,2,0,0,0,2016,0,0,0,0
#DST_IMAGE,0,3015,22,13,22,96,0,255,255,255,255,2,0,0,0,,,,,
#DST_IMAGE,0,3016,22,13,22,96,0,0,255,255,255,2,0,0,0,,,,,
#DST_IMAGE,0,6016,22,13,22,96,0,0,255,255,255,2,0,0,0,,,,,
,,,,,,,,,,,,,,,,,,,,
//ビーム下3,,,,,,,,,,,,,,,,,,,,
//SRC定義,(NULL),gr,x,y,w,h,div_x,div_y,cycle,timer,op1,op2,op3,,,,,,,
#SRC_IMAGE,0,9,44,600,22,96,1,1,0,0,0,0,0,,,,,,,
//DST定義,(NULL),time,x,y,w,h,acc,a,r,g,b,blend,filter,angle,center,loop,timer,op1,op2,op3
#DST_IMAGE,0,2033,44,13,22,96,0,255,255,255,255,2,0,0,0,2033,0,0,0,0
#DST_IMAGE,0,3032,44,13,22,96,0,255,255,255,255,2,0,0,0,,,,,
#DST_IMAGE,0,3033,44,13,22,96,0,0,255,255,255,2,0,0,0,,,,,
#DST_IMAGE,0,6033,44,13,22,96,0,0,255,255,255,2,0,0,0,,,,,
,,,,,,,,,,,,,,,,,,,,
//ビーム下4,,,,,,,,,,,,,,,,,,,,
//SRC定義,(NULL),gr,x,y,w,h,div_x,div_y,cycle,timer,op1,op2,op3,,,,,,,
#SRC_IMAGE,0,9,66,600,22,96,1,1,0,0,0,0,0,,,,,,,
//DST定義,(NULL),time,x,y,w,h,acc,a,r,g,b,blend,filter,angle,center,loop,timer,op1,op2,op3
#DST_IMAGE,0,2050,66,13,22,96,0,255,255,255,255,2,0,0,0,2050,0,0,0,0
#DST_IMAGE,0,3049,66,13,22,96,0,255,255,255,255,2,0,0,0,,,,,
#DST_IMAGE,0,3050,66,13,22,96,0,0,255,255,255,2,0,0,0,,,,,
#DST_IMAGE,0,6050,66,13,22,96,0,0,255,255,255,2,0,0,0,,,,,
,,,,,,,,,,,,,,,,,,,,
//ビーム下5,,,,,,,,,,,,,,,,,,,,
//SRC定義,(NULL),gr,x,y,w,h,div_x,div_y,cycle,timer,op1,op2,op3,,,,,,,
#SRC_IMAGE,0,9,88,600,22,96,1,1,0,0,0,0,0,,,,,,,
//DST定義,(NULL),time,x,y,w,h,acc,a,r,g,b,blend,filter,angle,center,loop,timer,op1,op2,op3
#DST_IMAGE,0,2066,88,13,22,96,0,255,255,255,255,2,0,0,0,2066,0,0,0,0
#DST_IMAGE,0,3065,88,13,22,96,0,255,255,255,255,2,0,0,0,,,,,
#DST_IMAGE,0,3066,88,13,22,96,0,0,255,255,255,2,0,0,0,,,,,
#DST_IMAGE,0,6066,88,13,22,96,0,0,255,255,255,2,0,0,0,,,,,
,,,,,,,,,,,,,,,,,,,,
//ビーム下6,,,,,,,,,,,,,,,,,,,,
//SRC定義,(NULL),gr,x,y,w,h,div_x,div_y,cycle,timer,op1,op2,op3,,,,,,,
#SRC_IMAGE,0,9,110,600,22,96,1,1,0,0,0,0,0,,,,,,,
//DST定義,(NULL),time,x,y,w,h,acc,a,r,g,b,blend,filter,angle,center,loop,timer,op1,op2,op3
#DST_IMAGE,0,2083,110,13,22,96,0,255,255,255,255,2,0,0,0,2083,0,0,0,0
#DST_IMAGE,0,3082,110,13,22,96,0,255,255,255,255,2,0,0,0,,,,,
#DST_IMAGE,0,3083,110,13,22,96,0,0,255,255,255,2,0,0,0,,,,,
#DST_IMAGE,0,6083,110,13,22,96,0,0,255,255,255,2,0,0,0,,,,,
,,,,,,,,,,,,,,,,,,,,
//ビーム下7,,,,,,,,,,,,,,,,,,,,
//SRC定義,(NULL),gr,x,y,w,h,div_x,div_y,cycle,timer,op1,op2,op3,,,,,,,
#SRC_IMAGE,0,9,132,600,22,96,1,1,0,0,0,0,0,,,,,,,
//DST定義,(NULL),time,x,y,w,h,acc,a,r,g,b,blend,filter,angle,center,loop,timer,op1,op2,op3
#DST_IMAGE,0,2100,132,13,22,96,0,255,255,255,255,2,0,0,0,2100,0,0,0,0
#DST_IMAGE,0,3099,132,13,22,96,0,255,255,255,255,2,0,0,0,,,,,
#DST_IMAGE,0,3100,132,13,22,96,0,0,255,255,255,2,0,0,0,,,,,
#DST_IMAGE,0,6100,132,13,22,96,0,0,255,255,255,2,0,0,0,,,,,
,,,,,,,,,,,,,,,,,,,,
//ビーム下8,,,,,,,,,,,,,,,,,,,,
//SRC定義,(NULL),gr,x,y,w,h,div_x,div_y,cycle,timer,op1,op2,op3,,,,,,,
#SRC_IMAGE,0,9,154,600,22,96,1,1,0,0,0,0,0,,,,,,,
//DST定義,(NULL),time,x,y,w,h,acc,a,r,g,b,blend,filter,angle,center,loop,timer,op1,op2,op3
#DST_IMAGE,0,2116,154,13,22,96,0,255,255,255,255,2,0,0,0,2116,0,0,0,0
#DST_IMAGE,0,3115,154,13,22,96,0,255,255,255,255,2,0,0,0,,,,,
#DST_IMAGE,0,3116,154,13,22,96,0,0,255,255,255,2,0,0,0,,,,,
#DST_IMAGE,0,6116,154,13,22,96,0,0,255,255,255,2,0,0,0,,,,,
,,,,,,,,,,,,,,,,,,,,
//ビーム下9,,,,,,,,,,,,,,,,,,,,
//SRC定義,(NULL),gr,x,y,w,h,div_x,div_y,cycle,timer,op1,op2,op3,,,,,,,
#SRC_IMAGE,0,9,176,600,22,96,1,1,0,0,0,0,0,,,,,,,
//DST定義,(NULL),time,x,y,w,h,acc,a,r,g,b,blend,filter,angle,center,loop,timer,op1,op2,op3
#DST_IMAGE,0,2133,176,13,22,96,0,255,255,255,255,2,0,0,0,2133,0,0,0,0
#DST_IMAGE,0,3132,176,13,22,96,0,255,255,255,255,2,0,0,0,,,,,
#DST_IMAGE,0,3133,176,13,22,96,0,0,255,255,255,2,0,0,0,,,,,
#DST_IMAGE,0,6133,176,13,22,96,0,0,255,255,255,2,0,0,0,,,,,
,,,,,,,,,,,,,,,,,,,,
//ビーム下10,,,,,,,,,,,,,,,,,,,,
//SRC定義,(NULL),gr,x,y,w,h,div_x,div_y,cycle,timer,op1,op2,op3,,,,,,,
#SRC_IMAGE,0,9,198,600,22,96,1,1,0,0,0,0,0,,,,,,,
//DST定義,(NULL),time,x,y,w,h,acc,a,r,g,b,blend,filter,angle,center,loop,timer,op1,op2,op3
#DST_IMAGE,0,2150,198,13,22,96,0,255,255,255,255,2,0,0,0,2150,0,0,0,0
#DST_IMAGE,0,3149,198,13,22,96,0,255,255,255,255,2,0,0,0,,,,,
#DST_IMAGE,0,3150,198,13,22,96,0,0,255,255,255,2,0,0,0,,,,,
#DST_IMAGE,0,6150,198,13,22,96,0,0,255,255,255,2,0,0,0,,,,,
,,,,,,,,,,,,,,,,,,,,
//ビーム下11,,,,,,,,,,,,,,,,,,,,
//SRC定義,(NULL),gr,x,y,w,h,div_x,div_y,cycle,timer,op1,op2,op3,,,,,,,
#SRC_IMAGE,0,9,220,600,20,96,1,1,0,0,0,0,0,,,,,,,
//DST定義,(NULL),time,x,y,w,h,acc,a,r,g,b,blend,filter,angle,center,loop,timer,op1,op2,op3
#DST_IMAGE,0,2166,220,13,20,96,0,255,255,255,255,2,0,0,0,2166,0,0,0,0
#DST_IMAGE,0,3165,220,13,20,96,0,255,255,255,255,2,0,0,0,,,,,
#DST_IMAGE,0,3166,220,13,20,96,0,0,255,255,255,2,0,0,0,,,,,
#DST_IMAGE,0,6166,220,13,20,96,0,0,255,255,255,2,0,0,0,,,,,
,,,,,,,,,,,,,,,,,,,,
//ビーム下12,,,,,,,,,,,,,,,,,,,,
//SRC定義,(NULL),gr,x,y,w,h,div_x,div_y,cycle,timer,op1,op2,op3,,,,,,,
#SRC_IMAGE,0,9,240,600,20,96,1,1,0,0,0,0,0,,,,,,,
//DST定義,(NULL),time,x,y,w,h,acc,a,r,g,b,blend,filter,angle,center,loop,timer,op1,op2,op3
#DST_IMAGE,0,2183,240,13,20,96,0,255,255,255,255,2,0,0,0,2183,0,0,0,0
#DST_IMAGE,0,3182,240,13,20,96,0,255,255,255,255,2,0,0,0,,,,,
#DST_IMAGE,0,3183,240,13,20,96,0,0,255,255,255,2,0,0,0,,,,,
#DST_IMAGE,0,6183,240,13,20,96,0,0,255,255,255,2,0,0,0,,,,,
,,,,,,,,,,,,,,,,,,,,
//ビーム下13,,,,,,,,,,,,,,,,,,,,
//SRC定義,(NULL),gr,x,y,w,h,div_x,div_y,cycle,timer,op1,op2,op3,,,,,,,
#SRC_IMAGE,0,9,260,600,20,96,1,1,0,0,0,0,0,,,,,,,
//DST定義,(NULL),time,x,y,w,h,acc,a,r,g,b,blend,filter,angle,center,loop,timer,op1,op2,op3
#DST_IMAGE,0,2200,260,13,20,96,0,255,255,255,255,2,0,0,0,2200,0,0,0,0
#DST_IMAGE,0,3199,260,13,20,96,0,255,255,255,255,2,0,0,0,,,,,
#DST_IMAGE,0,3200,260,13,20,96,0,0,255,255,255,2,0,0,0,,,,,
#DST_IMAGE,0,6200,260,13,20,96,0,0,255,255,255,2,0,0,0,,,,,
,,,,,,,,,,,,,,,,,,,,
//ビーム下14,,,,,,,,,,,,,,,,,,,,
//SRC定義,(NULL),gr,x,y,w,h,div_x,div_y,cycle,timer,op1,op2,op3,,,,,,,
#SRC_IMAGE,0,9,280,600,20,96,1,1,0,0,0,0,0,,,,,,,
//DST定義,(NULL),time,x,y,w,h,acc,a,r,g,b,blend,filter,angle,center,loop,timer,op1,op2,op3
#DST_IMAGE,0,2216,280,13,20,96,0,255,255,255,255,2,0,0,0,2216,0,0,0,0
#DST_IMAGE,0,3215,280,13,20,96,0,255,255,255,255,2,0,0,0,,,,,
#DST_IMAGE,0,3216,280,13,20,96,0,0,255,255,255,2,0,0,0,,,,,
#DST_IMAGE,0,6216,280,13,20,96,0,0,255,255,255,2,0,0,0,,,,,
,,,,,,,,,,,,,,,,,,,,
//ビーム下15,,,,,,,,,,,,,,,,,,,,
//SRC定義,(NULL),gr,x,y,w,h,div_x,div_y,cycle,timer,op1,op2,op3,,,,,,,
#SRC_IMAGE,0,9,300,600,20,96,1,1,0,0,0,0,0,,,,,,,
//DST定義,(NULL),time,x,y,w,h,acc,a,r,g,b,blend,filter,angle,center,loop,timer,op1,op2,op3
#DST_IMAGE,0,2233,300,13,20,96,0,255,255,255,255,2,0,0,0,2233,0,0,0,0
#DST_IMAGE,0,3232,300,13,20,96,0,255,255,255,255,2,0,0,0,,,,,
#DST_IMAGE,0,3233,300,13,20,96,0,0,255,255,255,2,0,0,0,,,,,
#DST_IMAGE,0,6233,300,13,20,96,0,0,255,255,255,2,0,0,0,,,,,
,,,,,,,,,,,,,,,,,,,,
//ビーム下16,,,,,,,,,,,,,,,,,,,,
//SRC定義,(NULL),gr,x,y,w,h,div_x,div_y,cycle,timer,op1,op2,op3,,,,,,,
#SRC_IMAGE,0,9,320,600,20,96,1,1,0,0,0,0,0,,,,,,,
//DST定義,(NULL),time,x,y,w,h,acc,a,r,g,b,blend,filter,angle,center,loop,timer,op1,op2,op3
#DST_IMAGE,0,2250,320,13,20,96,0,255,255,255,255,2,0,0,0,2250,0,0,0,0
#DST_IMAGE,0,3249,320,13,20,96,0,255,255,255,255,2,0,0,0,,,,,
#DST_IMAGE,0,3250,320,13,20,96,0,0,255,255,255,2,0,0,0,,,,,
#DST_IMAGE,0,6250,320,13,20,96,0,0,255,255,255,2,0,0,0,,,,,
,,,,,,,,,,,,,,,,,,,,
//ビーム下17,,,,,,,,,,,,,,,,,,,,
//SRC定義,(NULL),gr,x,y,w,h,div_x,div_y,cycle,timer,op1,op2,op3,,,,,,,
#SRC_IMAGE,0,9,340,600,20,96,1,1,0,0,0,0,0,,,,,,,
//DST定義,(NULL),time,x,y,w,h,acc,a,r,g,b,blend,filter,angle,center,loop,timer,op1,op2,op3
#DST_IMAGE,0,2266,340,13,20,96,0,255,255,255,255,2,0,0,0,2266,0,0,0,0
#DST_IMAGE,0,3265,340,13,20,96,0,255,255,255,255,2,0,0,0,,,,,
#DST_IMAGE,0,3266,340,13,20,96,0,0,255,255,255,2,0,0,0,,,,,
#DST_IMAGE,0,6266,340,13,20,96,0,0,255,255,255,2,0,0,0,,,,,
,,,,,,,,,,,,,,,,,,,,
//ビーム下18,,,,,,,,,,,,,,,,,,,,
//SRC定義,(NULL),gr,x,y,w,h,div_x,div_y,cycle,timer,op1,op2,op3,,,,,,,
#SRC_IMAGE,0,9,360,600,20,96,1,1,0,0,0,0,0,,,,,,,
//DST定義,(NULL),time,x,y,w,h,acc,a,r,g,b,blend,filter,angle,center,loop,timer,op1,op2,op3
#DST_IMAGE,0,2283,360,13,20,96,0,255,255,255,255,2,0,0,0,2283,0,0,0,0
#DST_IMAGE,0,3282,360,13,20,96,0,255,255,255,255,2,0,0,0,,,,,
#DST_IMAGE,0,3283,360,13,20,96,0,0,255,255,255,2,0,0,0,,,,,
#DST_IMAGE,0,6283,360,13,20,96,0,0,255,255,255,2,0,0,0,,,,,
,,,,,,,,,,,,,,,,,,,,
//ビーム下19,,,,,,,,,,,,,,,,,,,,
//SRC定義,(NULL),gr,x,y,w,h,div_x,div_y,cycle,timer,op1,op2,op3,,,,,,,
#SRC_IMAGE,0,9,380,600,20,96,1,1,0,0,0,0,0,,,,,,,
//DST定義,(NULL),time,x,y,w,h,acc,a,r,g,b,blend,filter,angle,center,loop,timer,op1,op2,op3
#DST_IMAGE,0,2300,380,13,20,96,0,255,255,255,255,2,0,0,0,2300,0,0,0,0
#DST_IMAGE,0,3299,380,13,20,96,0,255,255,255,255,2,0,0,0,,,,,
#DST_IMAGE,0,3300,380,13,20,96,0,0,255,255,255,2,0,0,0,,,,,
#DST_IMAGE,0,6300,380,13,20,96,0,0,255,255,255,2,0,0,0,,,,,
,,,,,,,,,,,,,,,,,,,,
//ビーム下20,,,,,,,,,,,,,,,,,,,,
//SRC定義,(NULL),gr,x,y,w,h,div_x,div_y,cycle,timer,op1,op2,op3,,,,,,,
#SRC_IMAGE,0,9,400,600,20,96,1,1,0,0,0,0,0,,,,,,,
//DST定義,(NULL),time,x,y,w,h,acc,a,r,g,b,blend,filter,angle,center,loop,timer,op1,op2,op3
#DST_IMAGE,0,2316,400,13,20,96,0,255,255,255,255,2,0,0,0,2316,0,0,0,0
#DST_IMAGE,0,3315,400,13,20,96,0,255,255,255,255,2,0,0,0,,,,,
#DST_IMAGE,0,3316,400,13,20,96,0,0,255,255,255,2,0,0,0,,,,,
#DST_IMAGE,0,6316,400,13,20,96,0,0,255,255,255,2,0,0,0,,,,,
,,,,,,,,,,,,,,,,,,,,
//ビーム下21,,,,,,,,,,,,,,,,,,,,
//SRC定義,(NULL),gr,x,y,w,h,div_x,div_y,cycle,timer,op1,op2,op3,,,,,,,
#SRC_IMAGE,0,9,420,600,20,96,1,1,0,0,0,0,0,,,,,,,
//DST定義,(NULL),time,x,y,w,h,acc,a,r,g,b,blend,filter,angle,center,loop,timer,op1,op2,op3
#DST_IMAGE,0,2333,420,13,20,96,0,255,255,255,255,2,0,0,0,2333,0,0,0,0
#DST_IMAGE,0,3332,420,13,20,96,0,255,255,255,255,2,0,0,0,,,,,
#DST_IMAGE,0,3333,420,13,20,96,0,0,255,255,255,2,0,0,0,,,,,
#DST_IMAGE,0,6333,420,13,20,96,0,0,255,255,255,2,0,0,0,,,,,
,,,,,,,,,,,,,,,,,,,,
//ビーム下22,,,,,,,,,,,,,,,,,,,,
//SRC定義,(NULL),gr,x,y,w,h,div_x,div_y,cycle,timer,op1,op2,op3,,,,,,,
#SRC_IMAGE,0,9,440,600,20,96,1,1,0,0,0,0,0,,,,,,,
//DST定義,(NULL),time,x,y,w,h,acc,a,r,g,b,blend,filter,angle,center,loop,timer,op1,op2,op3
#DST_IMAGE,0,2350,440,13,20,96,0,255,255,255,255,2,0,0,0,2350,0,0,0,0
#DST_IMAGE,0,3349,440,13,20,96,0,255,255,255,255,2,0,0,0,,,,,
#DST_IMAGE,0,3350,440,13,20,96,0,0,255,255,255,2,0,0,0,,,,,
#DST_IMAGE,0,6350,440,13,20,96,0,0,255,255,255,2,0,0,0,,,,,
,,,,,,,,,,,,,,,,,,,,
//ビーム下23,,,,,,,,,,,,,,,,,,,,
//SRC定義,(NULL),gr,x,y,w,h,div_x,div_y,cycle,timer,op1,op2,op3,,,,,,,
#SRC_IMAGE,0,9,460,600,20,96,1,1,0,0,0,0,0,,,,,,,
//DST定義,(NULL),time,x,y,w,h,acc,a,r,g,b,blend,filter,angle,center,loop,timer,op1,op2,op3
#DST_IMAGE,0,2366,460,13,20,96,0,255,255,255,255,2,0,0,0,2366,0,0,0,0
#DST_IMAGE,0,3365,460,13,20,96,0,255,255,255,255,2,0,0,0,,,,,
#DST_IMAGE,0,3366,460,13,20,96,0,0,255,255,255,2,0,0,0,,,,,
#DST_IMAGE,0,6366,460,13,20,96,0,0,255,255,255,2,0,0,0,,,,,
,,,,,,,,,,,,,,,,,,,,
//ビーム下24,,,,,,,,,,,,,,,,,,,,
//SRC定義,(NULL),gr,x,y,w,h,div_x,div_y,cycle,timer,op1,op2,op3,,,,,,,
#SRC_IMAGE,0,9,480,600,20,96,1,1,0,0,0,0,0,,,,,,,
//DST定義,(NULL),time,x,y,w,h,acc,a,r,g,b,blend,filter,angle,center,loop,timer,op1,op2,op3
#DST_IMAGE,0,2383,480,13,20,96,0,255,255,255,255,2,0,0,0,2383,0,0,0,0
#DST_IMAGE,0,3382,480,13,20,96,0,255,255,255,255,2,0,0,0,,,,,
#DST_IMAGE,0,3383,480,13,20,96,0,0,255,255,255,2,0,0,0,,,,,
#DST_IMAGE,0,6383,480,13,20,96,0,0,255,255,255,2,0,0,0,,,,,
,,,,,,,,,,,,,,,,,,,,
//ビーム下25,,,,,,,,,,,,,,,,,,,,
//SRC定義,(NULL),gr,x,y,w,h,div_x,div_y,cycle,timer,op1,op2,op3,,,,,,,
#SRC_IMAGE,0,9,500,600,20,96,1,1,0,0,0,0,0,,,,,,,
//DST定義,(NULL),time,x,y,w,h,acc,a,r,g,b,blend,filter,angle,center,loop,timer,op1,op2,op3
#DST_IMAGE,0,2400,500,13,20,96,0,255,255,255,255,2,0,0,0,2400,0,0,0,0
#DST_IMAGE,0,3399,500,13,20,96,0,255,255,255,255,2,0,0,0,,,,,
#DST_IMAGE,0,3400,500,13,20,96,0,0,255,255,255,2,0,0,0,,,,,
#DST_IMAGE,0,6400,500,13,20,96,0,0,255,255,255,2,0,0,0,,,,,
,,,,,,,,,,,,,,,,,,,,
//ビーム下26,,,,,,,,,,,,,,,,,,,,
//SRC定義,(NULL),gr,x,y,w,h,div_x,div_y,cycle,timer,op1,op2,op3,,,,,,,
#SRC_IMAGE,0,9,520,600,20,96,1,1,0,0,0,0,0,,,,,,,
//DST定義,(NULL),time,x,y,w,h,acc,a,r,g,b,blend,filter,angle,center,loop,timer,op1,op2,op3
#DST_IMAGE,0,2416,520,13,20,96,0,255,255,255,255,2,0,0,0,2416,0,0,0,0
#DST_IMAGE,0,3415,520,13,20,96,0,255,255,255,255,2,0,0,0,,,,,
#DST_IMAGE,0,3416,520,13,20,96,0,0,255,255,255,2,0,0,0,,,,,
#DST_IMAGE,0,6416,520,13,20,96,0,0,255,255,255,2,0,0,0,,,,,
,,,,,,,,,,,,,,,,,,,,
//ビーム下27,,,,,,,,,,,,,,,,,,,,
//SRC定義,(NULL),gr,x,y,w,h,div_x,div_y,cycle,timer,op1,op2,op3,,,,,,,
#SRC_IMAGE,0,9,540,600,20,96,1,1,0,0,0,0,0,,,,,,,
//DST定義,(NULL),time,x,y,w,h,acc,a,r,g,b,blend,filter,angle,center,loop,timer,op1,op2,op3
#DST_IMAGE,0,2433,540,13,20,96,0,255,255,255,255,2,0,0,0,2433,0,0,0,0
#DST_IMAGE,0,3432,540,13,20,96,0,255,255,255,255,2,0,0,0,,,,,
#DST_IMAGE,0,3433,540,13,20,96,0,0,255,255,255,2,0,0,0,,,,,
#DST_IMAGE,0,6433,540,13,20,96,0,0,255,255,255,2,0,0,0,,,,,
,,,,,,,,,,,,,,,,,,,,
//ビーム下28,,,,,,,,,,,,,,,,,,,,
//SRC定義,(NULL),gr,x,y,w,h,div_x,div_y,cycle,timer,op1,op2,op3,,,,,,,
#SRC_IMAGE,0,9,560,600,20,96,1,1,0,0,0,0,0,,,,,,,
//DST定義,(NULL),time,x,y,w,h,acc,a,r,g,b,blend,filter,angle,center,loop,timer,op1,op2,op3
#DST_IMAGE,0,2450,560,13,20,96,0,255,255,255,255,2,0,0,0,2450,0,0,0,0
#DST_IMAGE,0,3449,560,13,20,96,0,255,255,255,255,2,0,0,0,,,,,
#DST_IMAGE,0,3450,560,13,20,96,0,0,255,255,255,2,0,0,0,,,,,
#DST_IMAGE,0,6450,560,13,20,96,0,0,255,255,255,2,0,0,0,,,,,
,,,,,,,,,,,,,,,,,,,,
//ビーム下29,,,,,,,,,,,,,,,,,,,,
//SRC定義,(NULL),gr,x,y,w,h,div_x,div_y,cycle,timer,op1,op2,op3,,,,,,,
#SRC_IMAGE,0,9,580,600,20,96,1,1,0,0,0,0,0,,,,,,,
//DST定義,(NULL),time,x,y,w,h,acc,a,r,g,b,blend,filter,angle,center,loop,timer,op1,op2,op3
#DST_IMAGE,0,2466,580,13,20,96,0,255,255,255,255,2,0,0,0,2466,0,0,0,0
#DST_IMAGE,0,3465,580,13,20,96,0,255,255,255,255,2,0,0,0,,,,,
#DST_IMAGE,0,3466,580,13,20,96,0,0,255,255,255,2,0,0,0,,,,,
#DST_IMAGE,0,6466,580,13,20,96,0,0,255,255,255,2,0,0,0,,,,,
,,,,,,,,,,,,,,,,,,,,
//ビーム下30,,,,,,,,,,,,,,,,,,,,
//SRC定義,(NULL),gr,x,y,w,h,div_x,div_y,cycle,timer,op1,op2,op3,,,,,,,
#SRC_IMAGE,0,9,600,600,20,96,1,1,0,0,0,0,0,,,,,,,
//DST定義,(NULL),time,x,y,w,h,acc,a,r,g,b,blend,filter,angle,center,loop,timer,op1,op2,op3
#DST_IMAGE,0,2483,600,13,20,96,0,255,255,255,255,2,0,0,0,2483,0,0,0,0
#DST_IMAGE,0,3482,600,13,20,96,0,255,255,255,255,2,0,0,0,,,,,
#DST_IMAGE,0,3483,600,13,20,96,0,0,255,255,255,2,0,0,0,,,,,
#DST_IMAGE,0,6483,600,13,20,96,0,0,255,255,255,2,0,0,0,,,,,
,,,,,,,,,,,,,,,,,,,,
//ビーム下31,,,,,,,,,,,,,,,,,,,,
//SRC定義,(NULL),gr,x,y,w,h,div_x,div_y,cycle,timer,op1,op2,op3,,,,,,,
#SRC_IMAGE,0,9,620,600,20,96,1,1,0,0,0,0,0,,,,,,,
//DST定義,(NULL),time,x,y,w,h,acc,a,r,g,b,blend,filter,angle,center,loop,timer,op1,op2,op3
#DST_IMAGE,0,2500,620,13,20,96,0,255,255,255,255,2,0,0,0,2500,0,0,0,0
#DST_IMAGE,0,3499,620,13,20,96,0,255,255,255,255,2,0,0,0,,,,,
#DST_IMAGE,0,3500,620,13,20,96,0,0,255,255,255,2,0,0,0,,,,,
#DST_IMAGE,0,6500,620,13,20,96,0,0,255,255,255,2,0,0,0,,,,,
,,,,,,,,,,,,,,,,,,,,
//ビーム下32,,,,,,,,,,,,,,,,,,,,
//SRC定義,(NULL),gr,x,y,w,h,div_x,div_y,cycle,timer,op1,op2,op3,,,,,,,
#SRC_IMAGE,0,9,640,600,20,96,1,1,0,0,0,0,0,,,,,,,
//DST定義,(NULL),time,x,y,w,h,acc,a,r,g,b,blend,filter,angle,center,loop,timer,op1,op2,op3
#DST_IMAGE,0,2516,640,13,20,96,0,255,255,255,255,2,0,0,0,2516,0,0,0,0
#DST_IMAGE,0,3515,640,13,20,96,0,255,255,255,255,2,0,0,0,,,,,
#DST_IMAGE,0,3516,640,13,20,96,0,0,255,255,255,2,0,0,0,,,,,
#DST_IMAGE,0,6516,640,13,20,96,0,0,255,255,255,2,0,0,0,,,,,
,,,,,,,,,,,,,,,,,,,,
//ビーム下33,,,,,,,,,,,,,,,,,,,,
//SRC定義,(NULL),gr,x,y,w,h,div_x,div_y,cycle,timer,op1,op2,op3,,,,,,,
#SRC_IMAGE,0,9,660,600,20,96,1,1,0,0,0,0,0,,,,,,,
//DST定義,(NULL),time,x,y,w,h,acc,a,r,g,b,blend,filter,angle,center,loop,timer,op1,op2,op3
#DST_IMAGE,0,2533,660,13,20,96,0,255,255,255,255,2,0,0,0,2533,0,0,0,0
#DST_IMAGE,0,3532,660,13,20,96,0,255,255,255,255,2,0,0,0,,,,,
#DST_IMAGE,0,3533,660,13,20,96,0,0,255,255,255,2,0,0,0,,,,,
#DST_IMAGE,0,6533,660,13,20,96,0,0,255,255,255,2,0,0,0,,,,,
,,,,,,,,,,,,,,,,,,,,
//ビーム下34,,,,,,,,,,,,,,,,,,,,
//SRC定義,(NULL),gr,x,y,w,h,div_x,div_y,cycle,timer,op1,op2,op3,,,,,,,
#SRC_IMAGE,0,9,680,600,20,96,1,1,0,0,0,0,0,,,,,,,
//DST定義,(NULL),time,x,y,w,h,acc,a,r,g,b,blend,filter,angle,center,loop,timer,op1,op2,op3
#DST_IMAGE,0,2550,680,13,20,96,0,255,255,255,255,2,0,0,0,2550,0,0,0,0
#DST_IMAGE,0,3549,680,13,20,96,0,255,255,255,255,2,0,0,0,,,,,
#DST_IMAGE,0,3550,680,13,20,96,0,0,255,255,255,2,0,0,0,,,,,
#DST_IMAGE,0,6550,680,13,20,96,0,0,255,255,255,2,0,0,0,,,,,
,,,,,,,,,,,,,,,,,,,,
//ビーム下35,,,,,,,,,,,,,,,,,,,,
//SRC定義,(NULL),gr,x,y,w,h,div_x,div_y,cycle,timer,op1,op2,op3,,,,,,,
#SRC_IMAGE,0,9,700,600,20,96,1,1,0,0,0,0,0,,,,,,,
//DST定義,(NULL),time,x,y,w,h,acc,a,r,g,b,blend,filter,angle,center,loop,timer,op1,op2,op3
#DST_IMAGE,0,2566,700,13,20,96,0,255,255,255,255,2,0,0,0,2566,0,0,0,0
#DST_IMAGE,0,3565,700,13,20,96,0,255,255,255,255,2,0,0,0,,,,,
#DST_IMAGE,0,3566,700,13,20,96,0,0,255,255,255,2,0,0,0,,,,,
#DST_IMAGE,0,6566,700,13,20,96,0,0,255,255,255,2,0,0,0,,,,,
,,,,,,,,,,,,,,,,,,,,
//ビーム下36,,,,,,,,,,,,,,,,,,,,
//SRC定義,(NULL),gr,x,y,w,h,div_x,div_y,cycle,timer,op1,op2,op3,,,,,,,
#SRC_IMAGE,0,9,720,600,20,96,1,1,0,0,0,0,0,,,,,,,
//DST定義,(NULL),time,x,y,w,h,acc,a,r,g,b,blend,filter,angle,center,loop,timer,op1,op2,op3
#DST_IMAGE,0,2583,720,13,20,96,0,255,255,255,255,2,0,0,0,2583,0,0,0,0
#DST_IMAGE,0,3582,720,13,20,96,0,255,255,255,255,2,0,0,0,,,,,
#DST_IMAGE,0,3583,720,13,20,96,0,0,255,255,255,2,0,0,0,,,,,
#DST_IMAGE,0,6583,720,13,20,96,0,0,255,255,255,2,0,0,0,,,,,
,,,,,,,,,,,,,,,,,,,,
//ビーム下37,,,,,,,,,,,,,,,,,,,,
//SRC定義,(NULL),gr,x,y,w,h,div_x,div_y,cycle,timer,op1,op2,op3,,,,,,,
#SRC_IMAGE,0,9,740,600,20,96,1,1,0,0,0,0,0,,,,,,,
//DST定義,(NULL),time,x,y,w,h,acc,a,r,g,b,blend,filter,angle,center,loop,timer,op1,op2,op3
#DST_IMAGE,0,2600,740,13,20,96,0,255,255,255,255,2,0,0,0,2600,0,0,0,0
#DST_IMAGE,0,3599,740,13,20,96,0,255,255,255,255,2,0,0,0,,,,,
#DST_IMAGE,0,3600,740,13,20,96,0,0,255,255,255,2,0,0,0,,,,,
#DST_IMAGE,0,6600,740,13,20,96,0,0,255,255,255,2,0,0,0,,,,,
,,,,,,,,,,,,,,,,,,,,
//ビーム下38,,,,,,,,,,,,,,,,,,,,
//SRC定義,(NULL),gr,x,y,w,h,div_x,div_y,cycle,timer,op1,op2,op3,,,,,,,
#SRC_IMAGE,0,9,760,600,20,96,1,1,0,0,0,0,0,,,,,,,
//DST定義,(NULL),time,x,y,w,h,acc,a,r,g,b,blend,filter,angle,center,loop,timer,op1,op2,op3
#DST_IMAGE,0,2616,760,13,20,96,0,255,255,255,255,2,0,0,0,2616,0,0,0,0
#DST_IMAGE,0,3615,760,13,20,96,0,255,255,255,255,2,0,0,0,,,,,
#DST_IMAGE,0,3616,760,13,20,96,0,0,255,255,255,2,0,0,0,,,,,
#DST_IMAGE,0,6616,760,13,20,96,0,0,255,255,255,2,0,0,0,,,,,
,,,,,,,,,,,,,,,,,,,,
//ビーム下39,,,,,,,,,,,,,,,,,,,,
//SRC定義,(NULL),gr,x,y,w,h,div_x,div_y,cycle,timer,op1,op2,op3,,,,,,,
#SRC_IMAGE,0,9,780,600,20,96,1,1,0,0,0,0,0,,,,,,,
//DST定義,(NULL),time,x,y,w,h,acc,a,r,g,b,blend,filter,angle,center,loop,timer,op1,op2,op3
#DST_IMAGE,0,2633,780,13,20,96,0,255,255,255,255,2,0,0,0,2633,0,0,0,0
#DST_IMAGE,0,3632,780,13,20,96,0,255,255,255,255,2,0,0,0,,,,,
#DST_IMAGE,0,3633,780,13,20,96,0,0,255,255,255,2,0,0,0,,,,,
#DST_IMAGE,0,6633,780,13,20,96,0,0,255,255,255,2,0,0,0,,,,,
,,,,,,,,,,,,,,,,,,,,
//ビーム下40,,,,,,,,,,,,,,,,,,,,
//SRC定義,(NULL),gr,x,y,w,h,div_x,div_y,cycle,timer,op1,op2,op3,,,,,,,
#SRC_IMAGE,0,9,800,600,20,96,1,1,0,0,0,0,0,,,,,,,
//DST定義,(NULL),time,x,y,w,h,acc,a,r,g,b,blend,filter,angle,center,loop,timer,op1,op2,op3
#DST_IMAGE,0,2650,800,13,20,96,0,255,255,255,255,2,0,0,0,2650,0,0,0,0
#DST_IMAGE,0,3649,800,13,20,96,0,255,255,255,255,2,0,0,0,,,,,
#DST_IMAGE,0,3650,800,13,20,96,0,0,255,255,255,2,0,0,0,,,,,
#DST_IMAGE,0,6650,800,13,20,96,0,0,255,255,255,2,0,0,0,,,,,
,,,,,,,,,,,,,,,,,,,,
//ビーム下41,,,,,,,,,,,,,,,,,,,,
//SRC定義,(NULL),gr,x,y,w,h,div_x,div_y,cycle,timer,op1,op2,op3,,,,,,,
#SRC_IMAGE,0,9,820,600,20,96,1,1,0,0,0,0,0,,,,,,,
//DST定義,(NULL),time,x,y,w,h,acc,a,r,g,b,blend,filter,angle,center,loop,timer,op1,op2,op3
#DST_IMAGE,0,2666,820,13,20,96,0,255,255,255,255,2,0,0,0,2666,0,0,0,0
#DST_IMAGE,0,3665,820,13,20,96,0,255,255,255,255,2,0,0,0,,,,,
#DST_IMAGE,0,3666,820,13,20,96,0,0,255,255,255,2,0,0,0,,,,,
#DST_IMAGE,0,6666,820,13,20,96,0,0,255,255,255,2,0,0,0,,,,,
,,,,,,,,,,,,,,,,,,,,
//ビーム下42,,,,,,,,,,,,,,,,,,,,
//SRC定義,(NULL),gr,x,y,w,h,div_x,div_y,cycle,timer,op1,op2,op3,,,,,,,
#SRC_IMAGE,0,9,840,600,20,96,1,1,0,0,0,0,0,,,,,,,
//DST定義,(NULL),time,x,y,w,h,acc,a,r,g,b,blend,filter,angle,center,loop,timer,op1,op2,op3
#DST_IMAGE,0,2683,840,13,20,96,0,255,255,255,255,2,0,0,0,2683,0,0,0,0
#DST_IMAGE,0,3682,840,13,20,96,0,255,255,255,255,2,0,0,0,,,,,
#DST_IMAGE,0,3683,840,13,20,96,0,0,255,255,255,2,0,0,0,,,,,
#DST_IMAGE,0,6683,840,13,20,96,0,0,255,255,255,2,0,0,0,,,,,
,,,,,,,,,,,,,,,,,,,,
//ビーム下43,,,,,,,,,,,,,,,,,,,,
//SRC定義,(NULL),gr,x,y,w,h,div_x,div_y,cycle,timer,op1,op2,op3,,,,,,,
#SRC_IMAGE,0,9,860,600,20,96,1,1,0,0,0,0,0,,,,,,,
//DST定義,(NULL),time,x,y,w,h,acc,a,r,g,b,blend,filter,angle,center,loop,timer,op1,op2,op3
#DST_IMAGE,0,2700,860,13,20,96,0,255,255,255,255,2,0,0,0,2700,0,0,0,0
#DST_IMAGE,0,3699,860,13,20,96,0,255,255,255,255,2,0,0,0,,,,,
#DST_IMAGE,0,3700,860,13,20,96,0,0,255,255,255,2,0,0,0,,,,,
#DST_IMAGE,0,6700,860,13,20,96,0,0,255,255,255,2,0,0,0,,,,,
,,,,,,,,,,,,,,,,,,,,
//ビーム下44,,,,,,,,,,,,,,,,,,,,
//SRC定義,(NULL),gr,x,y,w,h,div_x,div_y,cycle,timer,op1,op2,op3,,,,,,,
#SRC_IMAGE,0,9,880,600,20,96,1,1,0,0,0,0,0,,,,,,,
//DST定義,(NULL),time,x,y,w,h,acc,a,r,g,b,blend,filter,angle,center,loop,timer,op1,op2,op3
#DST_IMAGE,0,2716,880,13,20,96,0,255,255,255,255,2,0,0,0,2716,0,0,0,0
#DST_IMAGE,0,3715,880,13,20,96,0,255,255,255,255,2,0,0,0,,,,,
#DST_IMAGE,0,3716,880,13,20,96,0,0,255,255,255,2,0,0,0,,,,,
#DST_IMAGE,0,6716,880,13,20,96,0,0,255,255,255,2,0,0,0,,,,,
,,,,,,,,,,,,,,,,,,,,
//ビーム下45,,,,,,,,,,,,,,,,,,,,
//SRC定義,(NULL),gr,x,y,w,h,div_x,div_y,cycle,timer,op1,op2,op3,,,,,,,
#SRC_IMAGE,0,9,900,600,20,96,1,1,0,0,0,0,0,,,,,,,
//DST定義,(NULL),time,x,y,w,h,acc,a,r,g,b,blend,filter,angle,center,loop,timer,op1,op2,op3
#DST_IMAGE,0,2733,900,13,20,96,0,255,255,255,255,2,0,0,0,2733,0,0,0,0
#DST_IMAGE,0,3732,900,13,20,96,0,255,255,255,255,2,0,0,0,,,,,
#DST_IMAGE,0,3733,900,13,20,96,0,0,255,255,255,2,0,0,0,,,,,
#DST_IMAGE,0,6733,900,13,20,96,0,0,255,255,255,2,0,0,0,,,,,
,,,,,,,,,,,,,,,,,,,,
//ビーム下46,,,,,,,,,,,,,,,,,,,,
//SRC定義,(NULL),gr,x,y,w,h,div_x,div_y,cycle,timer,op1,op2,op3,,,,,,,
#SRC_IMAGE,0,9,920,600,20,96,1,1,0,0,0,0,0,,,,,,,
//DST定義,(NULL),time,x,y,w,h,acc,a,r,g,b,blend,filter,angle,center,loop,timer,op1,op2,op3
#DST_IMAGE,0,2750,920,13,20,96,0,255,255,255,255,2,0,0,0,2750,0,0,0,0
#DST_IMAGE,0,3749,920,13,20,96,0,255,255,255,255,2,0,0,0,,,,,
#DST_IMAGE,0,3750,920,13,20,96,0,0,255,255,255,2,0,0,0,,,,,
#DST_IMAGE,0,6750,920,13,20,96,0,0,255,255,255,2,0,0,0,,,,,
,,,,,,,,,,,,,,,,,,,,
//ビーム下47,,,,,,,,,,,,,,,,,,,,
//SRC定義,(NULL),gr,x,y,w,h,div_x,div_y,cycle,timer,op1,op2,op3,,,,,,,
#SRC_IMAGE,0,9,940,600,20,96,1,1,0,0,0,0,0,,,,,,,
//DST定義,(NULL),time,x,y,w,h,acc,a,r,g,b,blend,filter,angle,center,loop,timer,op1,op2,op3
#DST_IMAGE,0,2766,940,13,20,96,0,255,255,255,255,2,0,0,0,2766,0,0,0,0
#DST_IMAGE,0,3765,940,13,20,96,0,255,255,255,255,2,0,0,0,,,,,
#DST_IMAGE,0,3766,940,13,20,96,0,0,255,255,255,2,0,0,0,,,,,
#DST_IMAGE,0,6766,940,13,20,96,0,0,255,255,255,2,0,0,0,,,,,
,,,,,,,,,,,,,,,,,,,,
//ビーム下48,,,,,,,,,,,,,,,,,,,,
//SRC定義,(NULL),gr,x,y,w,h,div_x,div_y,cycle,timer,op1,op2,op3,,,,,,,
#SRC_IMAGE,0,9,960,600,20,96,1,1,0,0,0,0,0,,,,,,,
//DST定義,(NULL),time,x,y,w,h,acc,a,r,g,b,blend,filter,angle,center,loop,timer,op1,op2,op3
#DST_IMAGE,0,2783,960,13,20,96,0,255,255,255,255,2,0,0,0,2783,0,0,0,0
#DST_IMAGE,0,3782,960,13,20,96,0,255,255,255,255,2,0,0,0,,,,,
#DST_IMAGE,0,3783,960,13,20,96,0,0,255,255,255,2,0,0,0,,,,,
#DST_IMAGE,0,6783,960,13,20,96,0,0,255,255,255,2,0,0,0,,,,,
,,,,,,,,,,,,,,,,,,,,
//ビーム下49,,,,,,,,,,,,,,,,,,,,
//SRC定義,(NULL),gr,x,y,w,h,div_x,div_y,cycle,timer,op1,op2,op3,,,,,,,
#SRC_IMAGE,0,9,980,600,20,96,1,1,0,0,0,0,0,,,,,,,
//DST定義,(NULL),time,x,y,w,h,acc,a,r,g,b,blend,filter,angle,center,loop,timer,op1,op2,op3
#DST_IMAGE,0,2800,980,13,20,96,0,255,255,255,255,2,0,0,0,2800,0,0,0,0
#DST_IMAGE,0,3799,980,13,20,96,0,255,255,255,255,2,0,0,0,,,,,
#DST_IMAGE,0,3800,980,13,20,96,0,0,255,255,255,2,0,0,0,,,,,
#DST_IMAGE,0,6800,980,13,20,96,0,0,255,255,255,2,0,0,0,,,,,
,,,,,,,,,,,,,,,,,,,,
//ビーム下50,,,,,,,,,,,,,,,,,,,,
//SRC定義,(NULL),gr,x,y,w,h,div_x,div_y,cycle,timer,op1,op2,op3,,,,,,,
#SRC_IMAGE,0,9,1000,600,20,96,1,1,0,0,0,0,0,,,,,,,
//DST定義,(NULL),time,x,y,w,h,acc,a,r,g,b,blend,filter,angle,center,loop,timer,op1,op2,op3
#DST_IMAGE,0,2816,1000,13,20,96,0,255,255,255,255,2,0,0,0,2816,0,0,0,0
#DST_IMAGE,0,3815,1000,13,20,96,0,255,255,255,255,2,0,0,0,,,,,
#DST_IMAGE,0,3816,1000,13,20,96,0,0,255,255,255,2,0,0,0,,,,,
#DST_IMAGE,0,6816,1000,13,20,96,0,0,255,255,255,2,0,0,0,,,,,
,,,,,,,,,,,,,,,,,,,,
//ビーム下51,,,,,,,,,,,,,,,,,,,,
//SRC定義,(NULL),gr,x,y,w,h,div_x,div_y,cycle,timer,op1,op2,op3,,,,,,,
#SRC_IMAGE,0,9,1020,600,26,96,1,1,0,0,0,0,0,,,,,,,
//DST定義,(NULL),time,x,y,w,h,acc,a,r,g,b,blend,filter,angle,center,loop,timer,op1,op2,op3
#DST_IMAGE,0,2833,1020,13,26,96,0,255,255,255,255,2,0,0,0,2833,0,0,0,0
#DST_IMAGE,0,3832,1020,13,26,96,0,255,255,255,255,2,0,0,0,,,,,
#DST_IMAGE,0,3833,1020,13,26,96,0,0,255,255,255,2,0,0,0,,,,,
#DST_IMAGE,0,6833,1020,13,26,96,0,0,255,255,255,2,0,0,0,,,,,
,,,,,,,,,,,,,,,,,,,,
//ビーム下52,,,,,,,,,,,,,,,,,,,,
//SRC定義,(NULL),gr,x,y,w,h,div_x,div_y,cycle,timer,op1,op2,op3,,,,,,,
#SRC_IMAGE,0,9,1046,600,26,96,1,1,0,0,0,0,0,,,,,,,
//DST定義,(NULL),time,x,y,w,h,acc,a,r,g,b,blend,filter,angle,center,loop,timer,op1,op2,op3
#DST_IMAGE,0,2850,1046,13,26,96,0,255,255,255,255,2,0,0,0,2850,0,0,0,0
#DST_IMAGE,0,3849,1046,13,26,96,0,255,255,255,255,2,0,0,0,,,,,
#DST_IMAGE,0,3850,1046,13,26,96,0,0,255,255,255,2,0,0,0,,,,,
#DST_IMAGE,0,6850,1046,13,26,96,0,0,255,255,255,2,0,0,0,,,,,
,,,,,,,,,,,,,,,,,,,,
//ビーム下53,,,,,,,,,,,,,,,,,,,,
//SRC定義,(NULL),gr,x,y,w,h,div_x,div_y,cycle,timer,op1,op2,op3,,,,,,,
#SRC_IMAGE,0,9,1072,600,26,96,1,1,0,0,0,0,0,,,,,,,
//DST定義,(NULL),time,x,y,w,h,acc,a,r,g,b,blend,filter,angle,center,loop,timer,op1,op2,op3
#DST_IMAGE,0,2866,1072,13,26,96,0,255,255,255,255,2,0,0,0,2866,0,0,0,0
#DST_IMAGE,0,3865,1072,13,26,96,0,255,255,255,255,2,0,0,0,,,,,
#DST_IMAGE,0,3866,1072,13,26,96,0,0,255,255,255,2,0,0,0,,,,,
#DST_IMAGE,0,6866,1072,13,26,96,0,0,255,255,255,2,0,0,0,,,,,
,,,,,,,,,,,,,,,,,,,,
//ビーム下54,,,,,,,,,,,,,,,,,,,,
//SRC定義,(NULL),gr,x,y,w,h,div_x,div_y,cycle,timer,op1,op2,op3,,,,,,,
#SRC_IMAGE,0,9,1098,600,26,96,1,1,0,0,0,0,0,,,,,,,
//DST定義,(NULL),time,x,y,w,h,acc,a,r,g,b,blend,filter,angle,center,loop,timer,op1,op2,op3
#DST_IMAGE,0,2883,1098,13,26,96,0,255,255,255,255,2,0,0,0,2883,0,0,0,0
#DST_IMAGE,0,3882,1098,13,26,96,0,255,255,255,255,2,0,0,0,,,,,
#DST_IMAGE,0,3883,1098,13,26,96,0,0,255,255,255,2,0,0,0,,,,,
#DST_IMAGE,0,6883,1098,13,26,96,0,0,255,255,255,2,0,0,0,,,,,
,,,,,,,,,,,,,,,,,,,,
//ビーム下55,,,,,,,,,,,,,,,,,,,,
//SRC定義,(NULL),gr,x,y,w,h,div_x,div_y,cycle,timer,op1,op2,op3,,,,,,,
#SRC_IMAGE,0,9,1124,600,26,96,1,1,0,0,0,0,0,,,,,,,
//DST定義,(NULL),time,x,y,w,h,acc,a,r,g,b,blend,filter,angle,center,loop,timer,op1,op2,op3
#DST_IMAGE,0,2900,1124,13,26,96,0,255,255,255,255,2,0,0,0,2900,0,0,0,0
#DST_IMAGE,0,3899,1124,13,26,96,0,255,255,255,255,2,0,0,0,,,,,
#DST_IMAGE,0,3900,1124,13,26,96,0,0,255,255,255,2,0,0,0,,,,,
#DST_IMAGE,0,6900,1124,13,26,96,0,0,255,255,255,2,0,0,0,,,,,
,,,,,,,,,,,,,,,,,,,,
//ビーム下56,,,,,,,,,,,,,,,,,,,,
//SRC定義,(NULL),gr,x,y,w,h,div_x,div_y,cycle,timer,op1,op2,op3,,,,,,,
#SRC_IMAGE,0,9,1150,600,26,96,1,1,0,0,0,0,0,,,,,,,
//DST定義,(NULL),time,x,y,w,h,acc,a,r,g,b,blend,filter,angle,center,loop,timer,op1,op2,op3
#DST_IMAGE,0,2916,1150,13,26,96,0,255,255,255,255,2,0,0,0,2916,0,0,0,0
#DST_IMAGE,0,3915,1150,13,26,96,0,255,255,255,255,2,0,0,0,,,,,
#DST_IMAGE,0,3916,1150,13,26,96,0,0,255,255,255,2,0,0,0,,,,,
#DST_IMAGE,0,6916,1150,13,26,96,0,0,255,255,255,2,0,0,0,,,,,
,,,,,,,,,,,,,,,,,,,,
//ビーム下57,,,,,,,,,,,,,,,,,,,,
//SRC定義,(NULL),gr,x,y,w,h,div_x,div_y,cycle,timer,op1,op2,op3,,,,,,,
#SRC_IMAGE,0,9,1176,600,26,96,1,1,0,0,0,0,0,,,,,,,
//DST定義,(NULL),time,x,y,w,h,acc,a,r,g,b,blend,filter,angle,center,loop,timer,op1,op2,op3
#DST_IMAGE,0,2933,1176,13,26,96,0,255,255,255,255,2,0,0,0,2933,0,0,0,0
#DST_IMAGE,0,3932,1176,13,26,96,0,255,255,255,255,2,0,0,0,,,,,
#DST_IMAGE,0,3933,1176,13,26,96,0,0,255,255,255,2,0,0,0,,,,,
#DST_IMAGE,0,6933,1176,13,26,96,0,0,255,255,255,2,0,0,0,,,,,
,,,,,,,,,,,,,,,,,,,,
//ビーム下58,,,,,,,,,,,,,,,,,,,,
//SRC定義,(NULL),gr,x,y,w,h,div_x,div_y,cycle,timer,op1,op2,op3,,,,,,,
#SRC_IMAGE,0,9,1202,600,26,96,1,1,0,0,0,0,0,,,,,,,
//DST定義,(NULL),time,x,y,w,h,acc,a,r,g,b,blend,filter,angle,center,loop,timer,op1,op2,op3
#DST_IMAGE,0,2950,1202,13,26,96,0,255,255,255,255,2,0,0,0,2950,0,0,0,0
#DST_IMAGE,0,3949,1202,13,26,96,0,255,255,255,255,2,0,0,0,,,,,
#DST_IMAGE,0,3950,1202,13,26,96,0,0,255,255,255,2,0,0,0,,,,,
#DST_IMAGE,0,6950,1202,13,26,96,0,0,255,255,255,2,0,0,0,,,,,
,,,,,,,,,,,,,,,,,,,,
//ビーム下59,,,,,,,,,,,,,,,,,,,,
//SRC定義,(NULL),gr,x,y,w,h,div_x,div_y,cycle,timer,op1,op2,op3,,,,,,,
#SRC_IMAGE,0,9,1228,600,26,96,1,1,0,0,0,0,0,,,,,,,
//DST定義,(NULL),time,x,y,w,h,acc,a,r,g,b,blend,filter,angle,center,loop,timer,op1,op2,op3
#DST_IMAGE,0,2966,1228,13,26,96,0,255,255,255,255,2,0,0,0,2966,0,0,0,0
#DST_IMAGE,0,3965,1228,13,26,96,0,255,255,255,255,2,0,0,0,,,,,
#DST_IMAGE,0,3966,1228,13,26,96,0,0,255,255,255,2,0,0,0,,,,,
#DST_IMAGE,0,6966,1228,13,26,96,0,0,255,255,255,2,0,0,0,,,,,
,,,,,,,,,,,,,,,,,,,,
//ビーム下60,,,,,,,,,,,,,,,,,,,,
//SRC定義,(NULL),gr,x,y,w,h,div_x,div_y,cycle,timer,op1,op2,op3,,,,,,,
#SRC_IMAGE,0,9,1254,600,26,96,1,1,0,0,0,0,0,,,,,,,
//DST定義,(NULL),time,x,y,w,h,acc,a,r,g,b,blend,filter,angle,center,loop,timer,op1,op2,op3
#DST_IMAGE,0,2983,1254,13,26,96,0,255,255,255,255,2,0,0,0,2983,0,0,0,0
#DST_IMAGE,0,3982,1254,13,26,96,0,255,255,255,255,2,0,0,0,,,,,
#DST_IMAGE,0,3983,1254,13,26,96,0,0,255,255,255,2,0,0,0,,,,,
#DST_IMAGE,0,6983,1254,13,26,96,0,0,255,255,255,2,0,0,0,,,,,
,,,,,,,,,,,,,,,,,,,,
//ビーム中1,,,,,,,,,,,,,,,,,,,,
//SRC定義,(NULL),gr,x,y,w,h,div_x,div_y,cycle,timer,op1,op2,op3,,,,,,,
#SRC_IMAGE,0,9,0,530,22,67,1,1,0,0,0,0,0,,,,,,,
//DST定義,(NULL),time,x,y,w,h,acc,a,r,g,b,blend,filter,angle,center,loop,timer,op1,op2,op3
#DST_IMAGE,0,1500,0,28,22,67,0,255,255,255,255,2,0,0,0,1500,0,0,0,0
#DST_IMAGE,0,2500,0,28,22,67,0,255,255,255,255,2,0,0,0,,,,,
#DST_IMAGE,0,2501,0,28,22,67,0,0,255,255,255,2,0,0,0,,,,,
#DST_IMAGE,0,5500,0,28,22,67,0,0,255,255,255,2,0,0,0,,,,,
,,,,,,,,,,,,,,,,,,,,
//ビーム中2,,,,,,,,,,,,,,,,,,,,
//SRC定義,(NULL),gr,x,y,w,h,div_x,div_y,cycle,timer,op1,op2,op3,,,,,,,
#SRC_IMAGE,0,9,22,530,22,67,1,1,0,0,0,0,0,,,,,,,
//DST定義,(NULL),time,x,y,w,h,acc,a,r,g,b,blend,filter,angle,center,loop,timer,op1,op2,op3
#DST_IMAGE,0,1516,22,28,22,67,0,255,255,255,255,2,0,0,0,1516,0,0,0,0
#DST_IMAGE,0,2515,22,28,22,67,0,255,255,255,255,2,0,0,0,,,,,
#DST_IMAGE,0,2516,22,28,22,67,0,0,255,255,255,2,0,0,0,,,,,
#DST_IMAGE,0,5516,22,28,22,67,0,0,255,255,255,2,0,0,0,,,,,
,,,,,,,,,,,,,,,,,,,,
//ビーム中3,,,,,,,,,,,,,,,,,,,,
//SRC定義,(NULL),gr,x,y,w,h,div_x,div_y,cycle,timer,op1,op2,op3,,,,,,,
#SRC_IMAGE,0,9,44,530,22,67,1,1,0,0,0,0,0,,,,,,,
//DST定義,(NULL),time,x,y,w,h,acc,a,r,g,b,blend,filter,angle,center,loop,timer,op1,op2,op3
#DST_IMAGE,0,1533,44,28,22,67,0,255,255,255,255,2,0,0,0,1533,0,0,0,0
#DST_IMAGE,0,2532,44,28,22,67,0,255,255,255,255,2,0,0,0,,,,,
#DST_IMAGE,0,2533,44,28,22,67,0,0,255,255,255,2,0,0,0,,,,,
#DST_IMAGE,0,5533,44,28,22,67,0,0,255,255,255,2,0,0,0,,,,,
,,,,,,,,,,,,,,,,,,,,
//ビーム中4,,,,,,,,,,,,,,,,,,,,
//SRC定義,(NULL),gr,x,y,w,h,div_x,div_y,cycle,timer,op1,op2,op3,,,,,,,
#SRC_IMAGE,0,9,66,530,22,67,1,1,0,0,0,0,0,,,,,,,
//DST定義,(NULL),time,x,y,w,h,acc,a,r,g,b,blend,filter,angle,center,loop,timer,op1,op2,op3
#DST_IMAGE,0,1550,66,28,22,67,0,255,255,255,255,2,0,0,0,1550,0,0,0,0
#DST_IMAGE,0,2549,66,28,22,67,0,255,255,255,255,2,0,0,0,,,,,
#DST_IMAGE,0,2550,66,28,22,67,0,0,255,255,255,2,0,0,0,,,,,
#DST_IMAGE,0,5550,66,28,22,67,0,0,255,255,255,2,0,0,0,,,,,
,,,,,,,,,,,,,,,,,,,,
//ビーム中5,,,,,,,,,,,,,,,,,,,,
//SRC定義,(NULL),gr,x,y,w,h,div_x,div_y,cycle,timer,op1,op2,op3,,,,,,,
#SRC_IMAGE,0,9,88,530,22,67,1,1,0,0,0,0,0,,,,,,,
//DST定義,(NULL),time,x,y,w,h,acc,a,r,g,b,blend,filter,angle,center,loop,timer,op1,op2,op3
#DST_IMAGE,0,1566,88,28,22,67,0,255,255,255,255,2,0,0,0,1566,0,0,0,0
#DST_IMAGE,0,2565,88,28,22,67,0,255,255,255,255,2,0,0,0,,,,,
#DST_IMAGE,0,2566,88,28,22,67,0,0,255,255,255,2,0,0,0,,,,,
#DST_IMAGE,0,5566,88,28,22,67,0,0,255,255,255,2,0,0,0,,,,,
,,,,,,,,,,,,,,,,,,,,
//ビーム中6,,,,,,,,,,,,,,,,,,,,
//SRC定義,(NULL),gr,x,y,w,h,div_x,div_y,cycle,timer,op1,op2,op3,,,,,,,
#SRC_IMAGE,0,9,110,530,22,67,1,1,0,0,0,0,0,,,,,,,
//DST定義,(NULL),time,x,y,w,h,acc,a,r,g,b,blend,filter,angle,center,loop,timer,op1,op2,op3
#DST_IMAGE,0,1583,110,28,22,67,0,255,255,255,255,2,0,0,0,1583,0,0,0,0
#DST_IMAGE,0,2582,110,28,22,67,0,255,255,255,255,2,0,0,0,,,,,
#DST_IMAGE,0,2583,110,28,22,67,0,0,255,255,255,2,0,0,0,,,,,
#DST_IMAGE,0,5583,110,28,22,67,0,0,255,255,255,2,0,0,0,,,,,
,,,,,,,,,,,,,,,,,,,,
//ビーム中7,,,,,,,,,,,,,,,,,,,,
//SRC定義,(NULL),gr,x,y,w,h,div_x,div_y,cycle,timer,op1,op2,op3,,,,,,,
#SRC_IMAGE,0,9,132,530,22,67,1,1,0,0,0,0,0,,,,,,,
//DST定義,(NULL),time,x,y,w,h,acc,a,r,g,b,blend,filter,angle,center,loop,timer,op1,op2,op3
#DST_IMAGE,0,1600,132,28,22,67,0,255,255,255,255,2,0,0,0,1600,0,0,0,0
#DST_IMAGE,0,2599,132,28,22,67,0,255,255,255,255,2,0,0,0,,,,,
#DST_IMAGE,0,2600,132,28,22,67,0,0,255,255,255,2,0,0,0,,,,,
#DST_IMAGE,0,5600,132,28,22,67,0,0,255,255,255,2,0,0,0,,,,,
,,,,,,,,,,,,,,,,,,,,
//ビーム中8,,,,,,,,,,,,,,,,,,,,
//SRC定義,(NULL),gr,x,y,w,h,div_x,div_y,cycle,timer,op1,op2,op3,,,,,,,
#SRC_IMAGE,0,9,154,530,22,67,1,1,0,0,0,0,0,,,,,,,
//DST定義,(NULL),time,x,y,w,h,acc,a,r,g,b,blend,filter,angle,center,loop,timer,op1,op2,op3
#DST_IMAGE,0,1616,154,28,22,67,0,255,255,255,255,2,0,0,0,1616,0,0,0,0
#DST_IMAGE,0,2615,154,28,22,67,0,255,255,255,255,2,0,0,0,,,,,
#DST_IMAGE,0,2616,154,28,22,67,0,0,255,255,255,2,0,0,0,,,,,
#DST_IMAGE,0,5616,154,28,22,67,0,0,255,255,255,2,0,0,0,,,,,
,,,,,,,,,,,,,,,,,,,,
//ビーム中9,,,,,,,,,,,,,,,,,,,,
//SRC定義,(NULL),gr,x,y,w,h,div_x,div_y,cycle,timer,op1,op2,op3,,,,,,,
#SRC_IMAGE,0,9,176,530,22,67,1,1,0,0,0,0,0,,,,,,,
//DST定義,(NULL),time,x,y,w,h,acc,a,r,g,b,blend,filter,angle,center,loop,timer,op1,op2,op3
#DST_IMAGE,0,1633,176,28,22,67,0,255,255,255,255,2,0,0,0,1633,0,0,0,0
#DST_IMAGE,0,2632,176,28,22,67,0,255,255,255,255,2,0,0,0,,,,,
#DST_IMAGE,0,2633,176,28,22,67,0,0,255,255,255,2,0,0,0,,,,,
#DST_IMAGE,0,5633,176,28,22,67,0,0,255,255,255,2,0,0,0,,,,,
,,,,,,,,,,,,,,,,,,,,
//ビーム中10,,,,,,,,,,,,,,,,,,,,
//SRC定義,(NULL),gr,x,y,w,h,div_x,div_y,cycle,timer,op1,op2,op3,,,,,,,
#SRC_IMAGE,0,9,198,530,22,67,1,1,0,0,0,0,0,,,,,,,
//DST定義,(NULL),time,x,y,w,h,acc,a,r,g,b,blend,filter,angle,center,loop,timer,op1,op2,op3
#DST_IMAGE,0,1650,198,28,22,67,0,255,255,255,255,2,0,0,0,1650,0,0,0,0
#DST_IMAGE,0,2649,198,28,22,67,0,255,255,255,255,2,0,0,0,,,,,
#DST_IMAGE,0,2650,198,28,22,67,0,0,255,255,255,2,0,0,0,,,,,
#DST_IMAGE,0,5650,198,28,22,67,0,0,255,255,255,2,0,0,0,,,,,
,,,,,,,,,,,,,,,,,,,,
//ビーム中11,,,,,,,,,,,,,,,,,,,,
//SRC定義,(NULL),gr,x,y,w,h,div_x,div_y,cycle,timer,op1,op2,op3,,,,,,,
#SRC_IMAGE,0,9,220,530,20,67,1,1,0,0,0,0,0,,,,,,,
//DST定義,(NULL),time,x,y,w,h,acc,a,r,g,b,blend,filter,angle,center,loop,timer,op1,op2,op3
#DST_IMAGE,0,1666,220,28,20,67,0,255,255,255,255,2,0,0,0,1666,0,0,0,0
#DST_IMAGE,0,2665,220,28,20,67,0,255,255,255,255,2,0,0,0,,,,,
#DST_IMAGE,0,2666,220,28,20,67,0,0,255,255,255,2,0,0,0,,,,,
#DST_IMAGE,0,5666,220,28,20,67,0,0,255,255,255,2,0,0,0,,,,,
,,,,,,,,,,,,,,,,,,,,
//ビーム中12,,,,,,,,,,,,,,,,,,,,
//SRC定義,(NULL),gr,x,y,w,h,div_x,div_y,cycle,timer,op1,op2,op3,,,,,,,
#SRC_IMAGE,0,9,240,530,20,67,1,1,0,0,0,0,0,,,,,,,
//DST定義,(NULL),time,x,y,w,h,acc,a,r,g,b,blend,filter,angle,center,loop,timer,op1,op2,op3
#DST_IMAGE,0,1683,240,28,20,67,0,255,255,255,255,2,0,0,0,1683,0,0,0,0
#DST_IMAGE,0,2682,240,28,20,67,0,255,255,255,255,2,0,0,0,,,,,
#DST_IMAGE,0,2683,240,28,20,67,0,0,255,255,255,2,0,0,0,,,,,
#DST_IMAGE,0,5683,240,28,20,67,0,0,255,255,255,2,0,0,0,,,,,
,,,,,,,,,,,,,,,,,,,,
//ビーム中13,,,,,,,,,,,,,,,,,,,,
//SRC定義,(NULL),gr,x,y,w,h,div_x,div_y,cycle,timer,op1,op2,op3,,,,,,,
#SRC_IMAGE,0,9,260,530,20,67,1,1,0,0,0,0,0,,,,,,,
//DST定義,(NULL),time,x,y,w,h,acc,a,r,g,b,blend,filter,angle,center,loop,timer,op1,op2,op3
#DST_IMAGE,0,1700,260,28,20,67,0,255,255,255,255,2,0,0,0,1700,0,0,0,0
#DST_IMAGE,0,2699,260,28,20,67,0,255,255,255,255,2,0,0,0,,,,,
#DST_IMAGE,0,2700,260,28,20,67,0,0,255,255,255,2,0,0,0,,,,,
#DST_IMAGE,0,5700,260,28,20,67,0,0,255,255,255,2,0,0,0,,,,,
,,,,,,,,,,,,,,,,,,,,
//ビーム中14,,,,,,,,,,,,,,,,,,,,
//SRC定義,(NULL),gr,x,y,w,h,div_x,div_y,cycle,timer,op1,op2,op3,,,,,,,
#SRC_IMAGE,0,9,280,530,20,67,1,1,0,0,0,0,0,,,,,,,
//DST定義,(NULL),time,x,y,w,h,acc,a,r,g,b,blend,filter,angle,center,loop,timer,op1,op2,op3
#DST_IMAGE,0,1716,280,28,20,67,0,255,255,255,255,2,0,0,0,1716,0,0,0,0
#DST_IMAGE,0,2715,280,28,20,67,0,255,255,255,255,2,0,0,0,,,,,
#DST_IMAGE,0,2716,280,28,20,67,0,0,255,255,255,2,0,0,0,,,,,
#DST_IMAGE,0,5716,280,28,20,67,0,0,255,255,255,2,0,0,0,,,,,
,,,,,,,,,,,,,,,,,,,,
//ビーム中15,,,,,,,,,,,,,,,,,,,,
//SRC定義,(NULL),gr,x,y,w,h,div_x,div_y,cycle,timer,op1,op2,op3,,,,,,,
#SRC_IMAGE,0,9,300,530,20,67,1,1,0,0,0,0,0,,,,,,,
//DST定義,(NULL),time,x,y,w,h,acc,a,r,g,b,blend,filter,angle,center,loop,timer,op1,op2,op3
#DST_IMAGE,0,1733,300,28,20,67,0,255,255,255,255,2,0,0,0,1733,0,0,0,0
#DST_IMAGE,0,2732,300,28,20,67,0,255,255,255,255,2,0,0,0,,,,,
#DST_IMAGE,0,2733,300,28,20,67,0,0,255,255,255,2,0,0,0,,,,,
#DST_IMAGE,0,5733,300,28,20,67,0,0,255,255,255,2,0,0,0,,,,,
,,,,,,,,,,,,,,,,,,,,
//ビーム中16,,,,,,,,,,,,,,,,,,,,
//SRC定義,(NULL),gr,x,y,w,h,div_x,div_y,cycle,timer,op1,op2,op3,,,,,,,
#SRC_IMAGE,0,9,320,530,20,67,1,1,0,0,0,0,0,,,,,,,
//DST定義,(NULL),time,x,y,w,h,acc,a,r,g,b,blend,filter,angle,center,loop,timer,op1,op2,op3
#DST_IMAGE,0,1750,320,28,20,67,0,255,255,255,255,2,0,0,0,1750,0,0,0,0
#DST_IMAGE,0,2749,320,28,20,67,0,255,255,255,255,2,0,0,0,,,,,
#DST_IMAGE,0,2750,320,28,20,67,0,0,255,255,255,2,0,0,0,,,,,
#DST_IMAGE,0,5750,320,28,20,67,0,0,255,255,255,2,0,0,0,,,,,
,,,,,,,,,,,,,,,,,,,,
//ビーム中17,,,,,,,,,,,,,,,,,,,,
//SRC定義,(NULL),gr,x,y,w,h,div_x,div_y,cycle,timer,op1,op2,op3,,,,,,,
#SRC_IMAGE,0,9,340,530,20,67,1,1,0,0,0,0,0,,,,,,,
//DST定義,(NULL),time,x,y,w,h,acc,a,r,g,b,blend,filter,angle,center,loop,timer,op1,op2,op3
#DST_IMAGE,0,1766,340,28,20,67,0,255,255,255,255,2,0,0,0,1766,0,0,0,0
#DST_IMAGE,0,2765,340,28,20,67,0,255,255,255,255,2,0,0,0,,,,,
#DST_IMAGE,0,2766,340,28,20,67,0,0,255,255,255,2,0,0,0,,,,,
#DST_IMAGE,0,5766,340,28,20,67,0,0,255,255,255,2,0,0,0,,,,,
,,,,,,,,,,,,,,,,,,,,
//ビーム中18,,,,,,,,,,,,,,,,,,,,
//SRC定義,(NULL),gr,x,y,w,h,div_x,div_y,cycle,timer,op1,op2,op3,,,,,,,
#SRC_IMAGE,0,9,360,530,20,67,1,1,0,0,0,0,0,,,,,,,
//DST定義,(NULL),time,x,y,w,h,acc,a,r,g,b,blend,filter,angle,center,loop,timer,op1,op2,op3
#DST_IMAGE,0,1783,360,28,20,67,0,255,255,255,255,2,0,0,0,1783,0,0,0,0
#DST_IMAGE,0,2782,360,28,20,67,0,255,255,255,255,2,0,0,0,,,,,
#DST_IMAGE,0,2783,360,28,20,67,0,0,255,255,255,2,0,0,0,,,,,
#DST_IMAGE,0,5783,360,28,20,67,0,0,255,255,255,2,0,0,0,,,,,
,,,,,,,,,,,,,,,,,,,,
//ビーム中19,,,,,,,,,,,,,,,,,,,,
//SRC定義,(NULL),gr,x,y,w,h,div_x,div_y,cycle,timer,op1,op2,op3,,,,,,,
#SRC_IMAGE,0,9,380,530,20,67,1,1,0,0,0,0,0,,,,,,,
//DST定義,(NULL),time,x,y,w,h,acc,a,r,g,b,blend,filter,angle,center,loop,timer,op1,op2,op3
#DST_IMAGE,0,1800,380,28,20,67,0,255,255,255,255,2,0,0,0,1800,0,0,0,0
#DST_IMAGE,0,2799,380,28,20,67,0,255,255,255,255,2,0,0,0,,,,,
#DST_IMAGE,0,2800,380,28,20,67,0,0,255,255,255,2,0,0,0,,,,,
#DST_IMAGE,0,5800,380,28,20,67,0,0,255,255,255,2,0,0,0,,,,,
,,,,,,,,,,,,,,,,,,,,
//ビーム中20,,,,,,,,,,,,,,,,,,,,
//SRC定義,(NULL),gr,x,y,w,h,div_x,div_y,cycle,timer,op1,op2,op3,,,,,,,
#SRC_IMAGE,0,9,400,530,20,67,1,1,0,0,0,0,0,,,,,,,
//DST定義,(NULL),time,x,y,w,h,acc,a,r,g,b,blend,filter,angle,center,loop,timer,op1,op2,op3
#DST_IMAGE,0,1816,400,28,20,67,0,255,255,255,255,2,0,0,0,1816,0,0,0,0
#DST_IMAGE,0,2815,400,28,20,67,0,255,255,255,255,2,0,0,0,,,,,
#DST_IMAGE,0,2816,400,28,20,67,0,0,255,255,255,2,0,0,0,,,,,
#DST_IMAGE,0,5816,400,28,20,67,0,0,255,255,255,2,0,0,0,,,,,
,,,,,,,,,,,,,,,,,,,,
//ビーム中21,,,,,,,,,,,,,,,,,,,,
//SRC定義,(NULL),gr,x,y,w,h,div_x,div_y,cycle,timer,op1,op2,op3,,,,,,,
#SRC_IMAGE,0,9,420,530,20,67,1,1,0,0,0,0,0,,,,,,,
//DST定義,(NULL),time,x,y,w,h,acc,a,r,g,b,blend,filter,angle,center,loop,timer,op1,op2,op3
#DST_IMAGE,0,1833,420,28,20,67,0,255,255,255,255,2,0,0,0,1833,0,0,0,0
#DST_IMAGE,0,2832,420,28,20,67,0,255,255,255,255,2,0,0,0,,,,,
#DST_IMAGE,0,2833,420,28,20,67,0,0,255,255,255,2,0,0,0,,,,,
#DST_IMAGE,0,5833,420,28,20,67,0,0,255,255,255,2,0,0,0,,,,,
,,,,,,,,,,,,,,,,,,,,
//ビーム中22,,,,,,,,,,,,,,,,,,,,
//SRC定義,(NULL),gr,x,y,w,h,div_x,div_y,cycle,timer,op1,op2,op3,,,,,,,
#SRC_IMAGE,0,9,440,530,20,67,1,1,0,0,0,0,0,,,,,,,
//DST定義,(NULL),time,x,y,w,h,acc,a,r,g,b,blend,filter,angle,center,loop,timer,op1,op2,op3
#DST_IMAGE,0,1850,440,28,20,67,0,255,255,255,255,2,0,0,0,1850,0,0,0,0
#DST_IMAGE,0,2849,440,28,20,67,0,255,255,255,255,2,0,0,0,,,,,
#DST_IMAGE,0,2850,440,28,20,67,0,0,255,255,255,2,0,0,0,,,,,
#DST_IMAGE,0,5850,440,28,20,67,0,0,255,255,255,2,0,0,0,,,,,
,,,,,,,,,,,,,,,,,,,,
//ビーム中23,,,,,,,,,,,,,,,,,,,,
//SRC定義,(NULL),gr,x,y,w,h,div_x,div_y,cycle,timer,op1,op2,op3,,,,,,,
#SRC_IMAGE,0,9,460,530,20,67,1,1,0,0,0,0,0,,,,,,,
//DST定義,(NULL),time,x,y,w,h,acc,a,r,g,b,blend,filter,angle,center,loop,timer,op1,op2,op3
#DST_IMAGE,0,1866,460,28,20,67,0,255,255,255,255,2,0,0,0,1866,0,0,0,0
#DST_IMAGE,0,2865,460,28,20,67,0,255,255,255,255,2,0,0,0,,,,,
#DST_IMAGE,0,2866,460,28,20,67,0,0,255,255,255,2,0,0,0,,,,,
#DST_IMAGE,0,5866,460,28,20,67,0,0,255,255,255,2,0,0,0,,,,,
,,,,,,,,,,,,,,,,,,,,
//ビーム中24,,,,,,,,,,,,,,,,,,,,
//SRC定義,(NULL),gr,x,y,w,h,div_x,div_y,cycle,timer,op1,op2,op3,,,,,,,
#SRC_IMAGE,0,9,480,530,20,67,1,1,0,0,0,0,0,,,,,,,
//DST定義,(NULL),time,x,y,w,h,acc,a,r,g,b,blend,filter,angle,center,loop,timer,op1,op2,op3
#DST_IMAGE,0,1883,480,28,20,67,0,255,255,255,255,2,0,0,0,1883,0,0,0,0
#DST_IMAGE,0,2882,480,28,20,67,0,255,255,255,255,2,0,0,0,,,,,
#DST_IMAGE,0,2883,480,28,20,67,0,0,255,255,255,2,0,0,0,,,,,
#DST_IMAGE,0,5883,480,28,20,67,0,0,255,255,255,2,0,0,0,,,,,
,,,,,,,,,,,,,,,,,,,,
//ビーム中25,,,,,,,,,,,,,,,,,,,,
//SRC定義,(NULL),gr,x,y,w,h,div_x,div_y,cycle,timer,op1,op2,op3,,,,,,,
#SRC_IMAGE,0,9,500,530,20,67,1,1,0,0,0,0,0,,,,,,,
//DST定義,(NULL),time,x,y,w,h,acc,a,r,g,b,blend,filter,angle,center,loop,timer,op1,op2,op3
#DST_IMAGE,0,1900,500,28,20,67,0,255,255,255,255,2,0,0,0,1900,0,0,0,0
#DST_IMAGE,0,2899,500,28,20,67,0,255,255,255,255,2,0,0,0,,,,,
#DST_IMAGE,0,2900,500,28,20,67,0,0,255,255,255,2,0,0,0,,,,,
#DST_IMAGE,0,5900,500,28,20,67,0,0,255,255,255,2,0,0,0,,,,,
,,,,,,,,,,,,,,,,,,,,
//ビーム上26,,,,,,,,,,,,,,,,,,,,
//SRC定義,(NULL),gr,x,y,w,h,div_x,div_y,cycle,timer,op1,op2,op3,,,,,,,
#SRC_IMAGE,0,9,520,530,20,67,1,1,0,0,0,0,0,,,,,,,
//DST定義,(NULL),time,x,y,w,h,acc,a,r,g,b,blend,filter,angle,center,loop,timer,op1,op2,op3
#DST_IMAGE,0,1916,520,28,20,67,0,255,255,255,255,2,0,0,0,1916,0,0,0,0
#DST_IMAGE,0,2915,520,28,20,67,0,255,255,255,255,2,0,0,0,,,,,
#DST_IMAGE,0,2916,520,28,20,67,0,0,255,255,255,2,0,0,0,,,,,
#DST_IMAGE,0,5916,520,28,20,67,0,0,255,255,255,2,0,0,0,,,,,
,,,,,,,,,,,,,,,,,,,,
//ビーム中27,,,,,,,,,,,,,,,,,,,,
//SRC定義,(NULL),gr,x,y,w,h,div_x,div_y,cycle,timer,op1,op2,op3,,,,,,,
#SRC_IMAGE,0,9,540,530,20,67,1,1,0,0,0,0,0,,,,,,,
//DST定義,(NULL),time,x,y,w,h,acc,a,r,g,b,blend,filter,angle,center,loop,timer,op1,op2,op3
#DST_IMAGE,0,1933,540,28,20,67,0,255,255,255,255,2,0,0,0,1933,0,0,0,0
#DST_IMAGE,0,2932,540,28,20,67,0,255,255,255,255,2,0,0,0,,,,,
#DST_IMAGE,0,2933,540,28,20,67,0,0,255,255,255,2,0,0,0,,,,,
#DST_IMAGE,0,5933,540,28,20,67,0,0,255,255,255,2,0,0,0,,,,,
,,,,,,,,,,,,,,,,,,,,
//ビーム中28,,,,,,,,,,,,,,,,,,,,
//SRC定義,(NULL),gr,x,y,w,h,div_x,div_y,cycle,timer,op1,op2,op3,,,,,,,
#SRC_IMAGE,0,9,560,530,20,67,1,1,0,0,0,0,0,,,,,,,
//DST定義,(NULL),time,x,y,w,h,acc,a,r,g,b,blend,filter,angle,center,loop,timer,op1,op2,op3
#DST_IMAGE,0,1950,560,28,20,67,0,255,255,255,255,2,0,0,0,1950,0,0,0,0
#DST_IMAGE,0,2949,560,28,20,67,0,255,255,255,255,2,0,0,0,,,,,
#DST_IMAGE,0,2950,560,28,20,67,0,0,255,255,255,2,0,0,0,,,,,
#DST_IMAGE,0,5950,560,28,20,67,0,0,255,255,255,2,0,0,0,,,,,
,,,,,,,,,,,,,,,,,,,,
//ビーム中29,,,,,,,,,,,,,,,,,,,,
//SRC定義,(NULL),gr,x,y,w,h,div_x,div_y,cycle,timer,op1,op2,op3,,,,,,,
#SRC_IMAGE,0,9,580,530,20,67,1,1,0,0,0,0,0,,,,,,,
//DST定義,(NULL),time,x,y,w,h,acc,a,r,g,b,blend,filter,angle,center,loop,timer,op1,op2,op3
#DST_IMAGE,0,1966,580,28,20,67,0,255,255,255,255,2,0,0,0,1966,0,0,0,0
#DST_IMAGE,0,2965,580,28,20,67,0,255,255,255,255,2,0,0,0,,,,,
#DST_IMAGE,0,2966,580,28,20,67,0,0,255,255,255,2,0,0,0,,,,,
#DST_IMAGE,0,5966,580,28,20,67,0,0,255,255,255,2,0,0,0,,,,,
,,,,,,,,,,,,,,,,,,,,
//ビーム中30,,,,,,,,,,,,,,,,,,,,
//SRC定義,(NULL),gr,x,y,w,h,div_x,div_y,cycle,timer,op1,op2,op3,,,,,,,
#SRC_IMAGE,0,9,600,530,20,67,1,1,0,0,0,0,0,,,,,,,
//DST定義,(NULL),time,x,y,w,h,acc,a,r,g,b,blend,filter,angle,center,loop,timer,op1,op2,op3
#DST_IMAGE,0,1983,600,28,20,67,0,255,255,255,255,2,0,0,0,1983,0,0,0,0
#DST_IMAGE,0,2982,600,28,20,67,0,255,255,255,255,2,0,0,0,,,,,
#DST_IMAGE,0,2983,600,28,20,67,0,0,255,255,255,2,0,0,0,,,,,
#DST_IMAGE,0,5983,600,28,20,67,0,0,255,255,255,2,0,0,0,,,,,
,,,,,,,,,,,,,,,,,,,,
//ビーム中31,,,,,,,,,,,,,,,,,,,,
//SRC定義,(NULL),gr,x,y,w,h,div_x,div_y,cycle,timer,op1,op2,op3,,,,,,,
#SRC_IMAGE,0,9,620,530,20,67,1,1,0,0,0,0,0,,,,,,,
//DST定義,(NULL),time,x,y,w,h,acc,a,r,g,b,blend,filter,angle,center,loop,timer,op1,op2,op3
#DST_IMAGE,0,2000,620,28,20,67,0,255,255,255,255,2,0,0,0,2000,0,0,0,0
#DST_IMAGE,0,2999,620,28,20,67,0,255,255,255,255,2,0,0,0,,,,,
#DST_IMAGE,0,3000,620,28,20,67,0,0,255,255,255,2,0,0,0,,,,,
#DST_IMAGE,0,6000,620,28,20,67,0,0,255,255,255,2,0,0,0,,,,,
,,,,,,,,,,,,,,,,,,,,
//ビーム中32,,,,,,,,,,,,,,,,,,,,
//SRC定義,(NULL),gr,x,y,w,h,div_x,div_y,cycle,timer,op1,op2,op3,,,,,,,
#SRC_IMAGE,0,9,640,530,20,67,1,1,0,0,0,0,0,,,,,,,
//DST定義,(NULL),time,x,y,w,h,acc,a,r,g,b,blend,filter,angle,center,loop,timer,op1,op2,op3
#DST_IMAGE,0,2016,640,28,20,67,0,255,255,255,255,2,0,0,0,2016,0,0,0,0
#DST_IMAGE,0,3015,640,28,20,67,0,255,255,255,255,2,0,0,0,,,,,
#DST_IMAGE,0,3016,640,28,20,67,0,0,255,255,255,2,0,0,0,,,,,
#DST_IMAGE,0,6016,640,28,20,67,0,0,255,255,255,2,0,0,0,,,,,
,,,,,,,,,,,,,,,,,,,,
//ビーム中33,,,,,,,,,,,,,,,,,,,,
//SRC定義,(NULL),gr,x,y,w,h,div_x,div_y,cycle,timer,op1,op2,op3,,,,,,,
#SRC_IMAGE,0,9,660,530,20,67,1,1,0,0,0,0,0,,,,,,,
//DST定義,(NULL),time,x,y,w,h,acc,a,r,g,b,blend,filter,angle,center,loop,timer,op1,op2,op3
#DST_IMAGE,0,2033,660,28,20,67,0,255,255,255,255,2,0,0,0,2033,0,0,0,0
#DST_IMAGE,0,3032,660,28,20,67,0,255,255,255,255,2,0,0,0,,,,,
#DST_IMAGE,0,3033,660,28,20,67,0,0,255,255,255,2,0,0,0,,,,,
#DST_IMAGE,0,6033,660,28,20,67,0,0,255,255,255,2,0,0,0,,,,,
,,,,,,,,,,,,,,,,,,,,
//ビーム中34,,,,,,,,,,,,,,,,,,,,
//SRC定義,(NULL),gr,x,y,w,h,div_x,div_y,cycle,timer,op1,op2,op3,,,,,,,
#SRC_IMAGE,0,9,680,530,20,67,1,1,0,0,0,0,0,,,,,,,
//DST定義,(NULL),time,x,y,w,h,acc,a,r,g,b,blend,filter,angle,center,loop,timer,op1,op2,op3
#DST_IMAGE,0,2050,680,28,20,67,0,255,255,255,255,2,0,0,0,2050,0,0,0,0
#DST_IMAGE,0,3049,680,28,20,67,0,255,255,255,255,2,0,0,0,,,,,
#DST_IMAGE,0,3050,680,28,20,67,0,0,255,255,255,2,0,0,0,,,,,
#DST_IMAGE,0,6050,680,28,20,67,0,0,255,255,255,2,0,0,0,,,,,
,,,,,,,,,,,,,,,,,,,,
//ビーム中35,,,,,,,,,,,,,,,,,,,,
//SRC定義,(NULL),gr,x,y,w,h,div_x,div_y,cycle,timer,op1,op2,op3,,,,,,,
#SRC_IMAGE,0,9,700,530,20,67,1,1,0,0,0,0,0,,,,,,,
//DST定義,(NULL),time,x,y,w,h,acc,a,r,g,b,blend,filter,angle,center,loop,timer,op1,op2,op3
#DST_IMAGE,0,2066,700,28,20,67,0,255,255,255,255,2,0,0,0,2066,0,0,0,0
#DST_IMAGE,0,3065,700,28,20,67,0,255,255,255,255,2,0,0,0,,,,,
#DST_IMAGE,0,3066,700,28,20,67,0,0,255,255,255,2,0,0,0,,,,,
#DST_IMAGE,0,6066,700,28,20,67,0,0,255,255,255,2,0,0,0,,,,,
,,,,,,,,,,,,,,,,,,,,
//ビーム中36,,,,,,,,,,,,,,,,,,,,
//SRC定義,(NULL),gr,x,y,w,h,div_x,div_y,cycle,timer,op1,op2,op3,,,,,,,
#SRC_IMAGE,0,9,720,530,20,67,1,1,0,0,0,0,0,,,,,,,
//DST定義,(NULL),time,x,y,w,h,acc,a,r,g,b,blend,filter,angle,center,loop,timer,op1,op2,op3
#DST_IMAGE,0,2083,720,28,20,67,0,255,255,255,255,2,0,0,0,2083,0,0,0,0
#DST_IMAGE,0,3082,720,28,20,67,0,255,255,255,255,2,0,0,0,,,,,
#DST_IMAGE,0,3083,720,28,20,67,0,0,255,255,255,2,0,0,0,,,,,
#DST_IMAGE,0,6083,720,28,20,67,0,0,255,255,255,2,0,0,0,,,,,
,,,,,,,,,,,,,,,,,,,,
//ビーム中37,,,,,,,,,,,,,,,,,,,,
//SRC定義,(NULL),gr,x,y,w,h,div_x,div_y,cycle,timer,op1,op2,op3,,,,,,,
#SRC_IMAGE,0,9,740,530,20,67,1,1,0,0,0,0,0,,,,,,,
//DST定義,(NULL),time,x,y,w,h,acc,a,r,g,b,blend,filter,angle,center,loop,timer,op1,op2,op3
#DST_IMAGE,0,2100,740,28,20,67,0,255,255,255,255,2,0,0,0,2100,0,0,0,0
#DST_IMAGE,0,3099,740,28,20,67,0,255,255,255,255,2,0,0,0,,,,,
#DST_IMAGE,0,3100,740,28,20,67,0,0,255,255,255,2,0,0,0,,,,,
#DST_IMAGE,0,6100,740,28,20,67,0,0,255,255,255,2,0,0,0,,,,,
,,,,,,,,,,,,,,,,,,,,
//ビーム中38,,,,,,,,,,,,,,,,,,,,
//SRC定義,(NULL),gr,x,y,w,h,div_x,div_y,cycle,timer,op1,op2,op3,,,,,,,
#SRC_IMAGE,0,9,760,530,20,67,1,1,0,0,0,0,0,,,,,,,
//DST定義,(NULL),time,x,y,w,h,acc,a,r,g,b,blend,filter,angle,center,loop,timer,op1,op2,op3
#DST_IMAGE,0,2116,760,28,20,67,0,255,255,255,255,2,0,0,0,2116,0,0,0,0
#DST_IMAGE,0,3115,760,28,20,67,0,255,255,255,255,2,0,0,0,,,,,
#DST_IMAGE,0,3116,760,28,20,67,0,0,255,255,255,2,0,0,0,,,,,
#DST_IMAGE,0,6116,760,28,20,67,0,0,255,255,255,2,0,0,0,,,,,
,,,,,,,,,,,,,,,,,,,,
//ビーム中39,,,,,,,,,,,,,,,,,,,,
//SRC定義,(NULL),gr,x,y,w,h,div_x,div_y,cycle,timer,op1,op2,op3,,,,,,,
#SRC_IMAGE,0,9,780,530,20,67,1,1,0,0,0,0,0,,,,,,,
//DST定義,(NULL),time,x,y,w,h,acc,a,r,g,b,blend,filter,angle,center,loop,timer,op1,op2,op3
#DST_IMAGE,0,2133,780,28,20,67,0,255,255,255,255,2,0,0,0,2133,0,0,0,0
#DST_IMAGE,0,3132,780,28,20,67,0,255,255,255,255,2,0,0,0,,,,,
#DST_IMAGE,0,3133,780,28,20,67,0,0,255,255,255,2,0,0,0,,,,,
#DST_IMAGE,0,6133,780,28,20,67,0,0,255,255,255,2,0,0,0,,,,,
,,,,,,,,,,,,,,,,,,,,
//ビーム中40,,,,,,,,,,,,,,,,,,,,
//SRC定義,(NULL),gr,x,y,w,h,div_x,div_y,cycle,timer,op1,op2,op3,,,,,,,
#SRC_IMAGE,0,9,800,530,20,67,1,1,0,0,0,0,0,,,,,,,
//DST定義,(NULL),time,x,y,w,h,acc,a,r,g,b,blend,filter,angle,center,loop,timer,op1,op2,op3
#DST_IMAGE,0,2150,800,28,20,67,0,255,255,255,255,2,0,0,0,2150,0,0,0,0
#DST_IMAGE,0,3149,800,28,20,67,0,255,255,255,255,2,0,0,0,,,,,
#DST_IMAGE,0,3150,800,28,20,67,0,0,255,255,255,2,0,0,0,,,,,
#DST_IMAGE,0,6150,800,28,20,67,0,0,255,255,255,2,0,0,0,,,,,
,,,,,,,,,,,,,,,,,,,,
//ビーム中41,,,,,,,,,,,,,,,,,,,,
//SRC定義,(NULL),gr,x,y,w,h,div_x,div_y,cycle,timer,op1,op2,op3,,,,,,,
#SRC_IMAGE,0,9,820,530,20,67,1,1,0,0,0,0,0,,,,,,,
//DST定義,(NULL),time,x,y,w,h,acc,a,r,g,b,blend,filter,angle,center,loop,timer,op1,op2,op3
#DST_IMAGE,0,2166,820,28,20,67,0,255,255,255,255,2,0,0,0,2166,0,0,0,0
#DST_IMAGE,0,3165,820,28,20,67,0,255,255,255,255,2,0,0,0,,,,,
#DST_IMAGE,0,3166,820,28,20,67,0,0,255,255,255,2,0,0,0,,,,,
#DST_IMAGE,0,6166,820,28,20,67,0,0,255,255,255,2,0,0,0,,,,,
,,,,,,,,,,,,,,,,,,,,
//ビーム中42,,,,,,,,,,,,,,,,,,,,
//SRC定義,(NULL),gr,x,y,w,h,div_x,div_y,cycle,timer,op1,op2,op3,,,,,,,
#SRC_IMAGE,0,9,840,530,20,67,1,1,0,0,0,0,0,,,,,,,
//DST定義,(NULL),time,x,y,w,h,acc,a,r,g,b,blend,filter,angle,center,loop,timer,op1,op2,op3
#DST_IMAGE,0,2183,840,28,20,67,0,255,255,255,255,2,0,0,0,2183,0,0,0,0
#DST_IMAGE,0,3182,840,28,20,67,0,255,255,255,255,2,0,0,0,,,,,
#DST_IMAGE,0,3183,840,28,20,67,0,0,255,255,255,2,0,0,0,,,,,
#DST_IMAGE,0,6183,840,28,20,67,0,0,255,255,255,2,0,0,0,,,,,
,,,,,,,,,,,,,,,,,,,,
//ビーム中43,,,,,,,,,,,,,,,,,,,,
//SRC定義,(NULL),gr,x,y,w,h,div_x,div_y,cycle,timer,op1,op2,op3,,,,,,,
#SRC_IMAGE,0,9,860,530,20,67,1,1,0,0,0,0,0,,,,,,,
//DST定義,(NULL),time,x,y,w,h,acc,a,r,g,b,blend,filter,angle,center,loop,timer,op1,op2,op3
#DST_IMAGE,0,2200,860,28,20,67,0,255,255,255,255,2,0,0,0,2200,0,0,0,0
#DST_IMAGE,0,3199,860,28,20,67,0,255,255,255,255,2,0,0,0,,,,,
#DST_IMAGE,0,3200,860,28,20,67,0,0,255,255,255,2,0,0,0,,,,,
#DST_IMAGE,0,6200,860,28,20,67,0,0,255,255,255,2,0,0,0,,,,,
,,,,,,,,,,,,,,,,,,,,
//ビーム中44,,,,,,,,,,,,,,,,,,,,
//SRC定義,(NULL),gr,x,y,w,h,div_x,div_y,cycle,timer,op1,op2,op3,,,,,,,
#SRC_IMAGE,0,9,880,530,20,67,1,1,0,0,0,0,0,,,,,,,
//DST定義,(NULL),time,x,y,w,h,acc,a,r,g,b,blend,filter,angle,center,loop,timer,op1,op2,op3
#DST_IMAGE,0,2216,880,28,20,67,0,255,255,255,255,2,0,0,0,2216,0,0,0,0
#DST_IMAGE,0,3215,880,28,20,67,0,255,255,255,255,2,0,0,0,,,,,
#DST_IMAGE,0,3216,880,28,20,67,0,0,255,255,255,2,0,0,0,,,,,
#DST_IMAGE,0,6216,880,28,20,67,0,0,255,255,255,2,0,0,0,,,,,
,,,,,,,,,,,,,,,,,,,,
//ビーム中45,,,,,,,,,,,,,,,,,,,,
//SRC定義,(NULL),gr,x,y,w,h,div_x,div_y,cycle,timer,op1,op2,op3,,,,,,,
#SRC_IMAGE,0,9,900,530,20,67,1,1,0,0,0,0,0,,,,,,,
//DST定義,(NULL),time,x,y,w,h,acc,a,r,g,b,blend,filter,angle,center,loop,timer,op1,op2,op3
#DST_IMAGE,0,2233,900,28,20,67,0,255,255,255,255,2,0,0,0,2233,0,0,0,0
#DST_IMAGE,0,3232,900,28,20,67,0,255,255,255,255,2,0,0,0,,,,,
#DST_IMAGE,0,3233,900,28,20,67,0,0,255,255,255,2,0,0,0,,,,,
#DST_IMAGE,0,6233,900,28,20,67,0,0,255,255,255,2,0,0,0,,,,,
,,,,,,,,,,,,,,,,,,,,
//ビーム中46,,,,,,,,,,,,,,,,,,,,
//SRC定義,(NULL),gr,x,y,w,h,div_x,div_y,cycle,timer,op1,op2,op3,,,,,,,
#SRC_IMAGE,0,9,920,530,20,67,1,1,0,0,0,0,0,,,,,,,
//DST定義,(NULL),time,x,y,w,h,acc,a,r,g,b,blend,filter,angle,center,loop,timer,op1,op2,op3
#DST_IMAGE,0,2250,920,28,20,67,0,255,255,255,255,2,0,0,0,2250,0,0,0,0
#DST_IMAGE,0,3249,920,28,20,67,0,255,255,255,255,2,0,0,0,,,,,
#DST_IMAGE,0,3250,920,28,20,67,0,0,255,255,255,2,0,0,0,,,,,
#DST_IMAGE,0,6250,920,28,20,67,0,0,255,255,255,2,0,0,0,,,,,
,,,,,,,,,,,,,,,,,,,,
//ビーム中47,,,,,,,,,,,,,,,,,,,,
//SRC定義,(NULL),gr,x,y,w,h,div_x,div_y,cycle,timer,op1,op2,op3,,,,,,,
#SRC_IMAGE,0,9,940,530,20,67,1,1,0,0,0,0,0,,,,,,,
//DST定義,(NULL),time,x,y,w,h,acc,a,r,g,b,blend,filter,angle,center,loop,timer,op1,op2,op3
#DST_IMAGE,0,2266,940,28,20,67,0,255,255,255,255,2,0,0,0,2266,0,0,0,0
#DST_IMAGE,0,3265,940,28,20,67,0,255,255,255,255,2,0,0,0,,,,,
#DST_IMAGE,0,3266,940,28,20,67,0,0,255,255,255,2,0,0,0,,,,,
#DST_IMAGE,0,6266,940,28,20,67,0,0,255,255,255,2,0,0,0,,,,,
,,,,,,,,,,,,,,,,,,,,
//ビーム中48,,,,,,,,,,,,,,,,,,,,
//SRC定義,(NULL),gr,x,y,w,h,div_x,div_y,cycle,timer,op1,op2,op3,,,,,,,
#SRC_IMAGE,0,9,960,530,20,67,1,1,0,0,0,0,0,,,,,,,
//DST定義,(NULL),time,x,y,w,h,acc,a,r,g,b,blend,filter,angle,center,loop,timer,op1,op2,op3
#DST_IMAGE,0,2283,960,28,20,67,0,255,255,255,255,2,0,0,0,2283,0,0,0,0
#DST_IMAGE,0,3282,960,28,20,67,0,255,255,255,255,2,0,0,0,,,,,
#DST_IMAGE,0,3283,960,28,20,67,0,0,255,255,255,2,0,0,0,,,,,
#DST_IMAGE,0,6283,960,28,20,67,0,0,255,255,255,2,0,0,0,,,,,
,,,,,,,,,,,,,,,,,,,,
//ビーム中49,,,,,,,,,,,,,,,,,,,,
//SRC定義,(NULL),gr,x,y,w,h,div_x,div_y,cycle,timer,op1,op2,op3,,,,,,,
#SRC_IMAGE,0,9,980,530,20,67,1,1,0,0,0,0,0,,,,,,,
//DST定義,(NULL),time,x,y,w,h,acc,a,r,g,b,blend,filter,angle,center,loop,timer,op1,op2,op3
#DST_IMAGE,0,2300,980,28,20,67,0,255,255,255,255,2,0,0,0,2300,0,0,0,0
#DST_IMAGE,0,3299,980,28,20,67,0,255,255,255,255,2,0,0,0,,,,,
#DST_IMAGE,0,3300,980,28,20,67,0,0,255,255,255,2,0,0,0,,,,,
#DST_IMAGE,0,6300,980,28,20,67,0,0,255,255,255,2,0,0,0,,,,,
,,,,,,,,,,,,,,,,,,,,
//ビーム中50,,,,,,,,,,,,,,,,,,,,
//SRC定義,(NULL),gr,x,y,w,h,div_x,div_y,cycle,timer,op1,op2,op3,,,,,,,
#SRC_IMAGE,0,9,1000,530,20,67,1,1,0,0,0,0,0,,,,,,,
//DST定義,(NULL),time,x,y,w,h,acc,a,r,g,b,blend,filter,angle,center,loop,timer,op1,op2,op3
#DST_IMAGE,0,2316,1000,28,20,67,0,255,255,255,255,2,0,0,0,2316,0,0,0,0
#DST_IMAGE,0,3315,1000,28,20,67,0,255,255,255,255,2,0,0,0,,,,,
#DST_IMAGE,0,3316,1000,28,20,67,0,0,255,255,255,2,0,0,0,,,,,
#DST_IMAGE,0,6316,1000,28,20,67,0,0,255,255,255,2,0,0,0,,,,,
,,,,,,,,,,,,,,,,,,,,
//ビーム中51,,,,,,,,,,,,,,,,,,,,
//SRC定義,(NULL),gr,x,y,w,h,div_x,div_y,cycle,timer,op1,op2,op3,,,,,,,
#SRC_IMAGE,0,9,1020,530,26,67,1,1,0,0,0,0,0,,,,,,,
//DST定義,(NULL),time,x,y,w,h,acc,a,r,g,b,blend,filter,angle,center,loop,timer,op1,op2,op3
#DST_IMAGE,0,2333,1020,28,26,67,0,255,255,255,255,2,0,0,0,2333,0,0,0,0
#DST_IMAGE,0,3332,1020,28,26,67,0,255,255,255,255,2,0,0,0,,,,,
#DST_IMAGE,0,3333,1020,28,26,67,0,0,255,255,255,2,0,0,0,,,,,
#DST_IMAGE,0,6333,1020,28,26,67,0,0,255,255,255,2,0,0,0,,,,,
,,,,,,,,,,,,,,,,,,,,
//ビーム中52,,,,,,,,,,,,,,,,,,,,
//SRC定義,(NULL),gr,x,y,w,h,div_x,div_y,cycle,timer,op1,op2,op3,,,,,,,
#SRC_IMAGE,0,9,1046,530,26,67,1,1,0,0,0,0,0,,,,,,,
//DST定義,(NULL),time,x,y,w,h,acc,a,r,g,b,blend,filter,angle,center,loop,timer,op1,op2,op3
#DST_IMAGE,0,2350,1046,28,26,67,0,255,255,255,255,2,0,0,0,2350,0,0,0,0
#DST_IMAGE,0,3349,1046,28,26,67,0,255,255,255,255,2,0,0,0,,,,,
#DST_IMAGE,0,3350,1046,28,26,67,0,0,255,255,255,2,0,0,0,,,,,
#DST_IMAGE,0,6350,1046,28,26,67,0,0,255,255,255,2,0,0,0,,,,,
,,,,,,,,,,,,,,,,,,,,
//ビーム中53,,,,,,,,,,,,,,,,,,,,
//SRC定義,(NULL),gr,x,y,w,h,div_x,div_y,cycle,timer,op1,op2,op3,,,,,,,
#SRC_IMAGE,0,9,1072,530,26,67,1,1,0,0,0,0,0,,,,,,,
//DST定義,(NULL),time,x,y,w,h,acc,a,r,g,b,blend,filter,angle,center,loop,timer,op1,op2,op3
#DST_IMAGE,0,2366,1072,28,26,67,0,255,255,255,255,2,0,0,0,2366,0,0,0,0
#DST_IMAGE,0,3365,1072,28,26,67,0,255,255,255,255,2,0,0,0,,,,,
#DST_IMAGE,0,3366,1072,28,26,67,0,0,255,255,255,2,0,0,0,,,,,
#DST_IMAGE,0,6366,1072,28,26,67,0,0,255,255,255,2,0,0,0,,,,,
,,,,,,,,,,,,,,,,,,,,
//ビーム中54,,,,,,,,,,,,,,,,,,,,
//SRC定義,(NULL),gr,x,y,w,h,div_x,div_y,cycle,timer,op1,op2,op3,,,,,,,
#SRC_IMAGE,0,9,1098,530,26,67,1,1,0,0,0,0,0,,,,,,,
//DST定義,(NULL),time,x,y,w,h,acc,a,r,g,b,blend,filter,angle,center,loop,timer,op1,op2,op3
#DST_IMAGE,0,2383,1098,28,26,67,0,255,255,255,255,2,0,0,0,2383,0,0,0,0
#DST_IMAGE,0,3382,1098,28,26,67,0,255,255,255,255,2,0,0,0,,,,,
#DST_IMAGE,0,3383,1098,28,26,67,0,0,255,255,255,2,0,0,0,,,,,
#DST_IMAGE,0,6383,1098,28,26,67,0,0,255,255,255,2,0,0,0,,,,,
,,,,,,,,,,,,,,,,,,,,
//ビーム中55,,,,,,,,,,,,,,,,,,,,
//SRC定義,(NULL),gr,x,y,w,h,div_x,div_y,cycle,timer,op1,op2,op3,,,,,,,
#SRC_IMAGE,0,9,1124,530,26,67,1,1,0,0,0,0,0,,,,,,,
//DST定義,(NULL),time,x,y,w,h,acc,a,r,g,b,blend,filter,angle,center,loop,timer,op1,op2,op3
#DST_IMAGE,0,2400,1124,28,26,67,0,255,255,255,255,2,0,0,0,2400,0,0,0,0
#DST_IMAGE,0,3399,1124,28,26,67,0,255,255,255,255,2,0,0,0,,,,,
#DST_IMAGE,0,3400,1124,28,26,67,0,0,255,255,255,2,0,0,0,,,,,
#DST_IMAGE,0,6400,1124,28,26,67,0,0,255,255,255,2,0,0,0,,,,,
,,,,,,,,,,,,,,,,,,,,
//ビーム中56,,,,,,,,,,,,,,,,,,,,
//SRC定義,(NULL),gr,x,y,w,h,div_x,div_y,cycle,timer,op1,op2,op3,,,,,,,
#SRC_IMAGE,0,9,1150,530,26,67,1,1,0,0,0,0,0,,,,,,,
//DST定義,(NULL),time,x,y,w,h,acc,a,r,g,b,blend,filter,angle,center,loop,timer,op1,op2,op3
#DST_IMAGE,0,2416,1150,28,26,67,0,255,255,255,255,2,0,0,0,2416,0,0,0,0
#DST_IMAGE,0,3415,1150,28,26,67,0,255,255,255,255,2,0,0,0,,,,,
#DST_IMAGE,0,3416,1150,28,26,67,0,0,255,255,255,2,0,0,0,,,,,
#DST_IMAGE,0,6416,1150,28,26,67,0,0,255,255,255,2,0,0,0,,,,,
,,,,,,,,,,,,,,,,,,,,
//ビーム中57,,,,,,,,,,,,,,,,,,,,
//SRC定義,(NULL),gr,x,y,w,h,div_x,div_y,cycle,timer,op1,op2,op3,,,,,,,
#SRC_IMAGE,0,9,1176,530,26,67,1,1,0,0,0,0,0,,,,,,,
//DST定義,(NULL),time,x,y,w,h,acc,a,r,g,b,blend,filter,angle,center,loop,timer,op1,op2,op3
#DST_IMAGE,0,2433,1176,28,26,67,0,255,255,255,255,2,0,0,0,2433,0,0,0,0
#DST_IMAGE,0,3432,1176,28,26,67,0,255,255,255,255,2,0,0,0,,,,,
#DST_IMAGE,0,3433,1176,28,26,67,0,0,255,255,255,2,0,0,0,,,,,
#DST_IMAGE,0,6433,1176,28,26,67,0,0,255,255,255,2,0,0,0,,,,,
,,,,,,,,,,,,,,,,,,,,
//ビーム中58,,,,,,,,,,,,,,,,,,,,
//SRC定義,(NULL),gr,x,y,w,h,div_x,div_y,cycle,timer,op1,op2,op3,,,,,,,
#SRC_IMAGE,0,9,1202,530,26,67,1,1,0,0,0,0,0,,,,,,,
//DST定義,(NULL),time,x,y,w,h,acc,a,r,g,b,blend,filter,angle,center,loop,timer,op1,op2,op3
#DST_IMAGE,0,2450,1202,28,26,67,0,255,255,255,255,2,0,0,0,2450,0,0,0,0
#DST_IMAGE,0,3449,1202,28,26,67,0,255,255,255,255,2,0,0,0,,,,,
#DST_IMAGE,0,3450,1202,28,26,67,0,0,255,255,255,2,0,0,0,,,,,
#DST_IMAGE,0,6450,1202,28,26,67,0,0,255,255,255,2,0,0,0,,,,,
,,,,,,,,,,,,,,,,,,,,
//ビーム中59,,,,,,,,,,,,,,,,,,,,
//SRC定義,(NULL),gr,x,y,w,h,div_x,div_y,cycle,timer,op1,op2,op3,,,,,,,
#SRC_IMAGE,0,9,1228,530,26,67,1,1,0,0,0,0,0,,,,,,,
//DST定義,(NULL),time,x,y,w,h,acc,a,r,g,b,blend,filter,angle,center,loop,timer,op1,op2,op3
#DST_IMAGE,0,2466,1228,28,26,67,0,255,255,255,255,2,0,0,0,2466,0,0,0,0
#DST_IMAGE,0,3465,1228,28,26,67,0,255,255,255,255,2,0,0,0,,,,,
#DST_IMAGE,0,3466,1228,28,26,67,0,0,255,255,255,2,0,0,0,,,,,
#DST_IMAGE,0,6466,1228,28,26,67,0,0,255,255,255,2,0,0,0,,,,,
,,,,,,,,,,,,,,,,,,,,
//ビーム中60,,,,,,,,,,,,,,,,,,,,
//SRC定義,(NULL),gr,x,y,w,h,div_x,div_y,cycle,timer,op1,op2,op3,,,,,,,
#SRC_IMAGE,0,9,1254,530,26,67,1,1,0,0,0,0,0,,,,,,,
//DST定義,(NULL),time,x,y,w,h,acc,a,r,g,b,blend,filter,angle,center,loop,timer,op1,op2,op3
#DST_IMAGE,0,2483,1254,28,26,67,0,255,255,255,255,2,0,0,0,2483,0,0,0,0
#DST_IMAGE,0,3482,1254,28,26,67,0,255,255,255,255,2,0,0,0,,,,,
#DST_IMAGE,0,3483,1254,28,26,67,0,0,255,255,255,2,0,0,0,,,,,
#DST_IMAGE,0,6483,1254,28,26,67,0,0,255,255,255,2,0,0,0,,,,,
,,,,,,,,,,,,,,,,,,,,
//左上青いの,,,,,,,,,,,,,,,,,,,,
//SRC定義,(NULL),gr,x,y,w,h,div_x,div_y,cycle,timer,op1,op2,op3,,,,,,,
#SRC_IMAGE,0,9,1300,450,24,28,1,1,0,0,0,0,0,,,,,,,
//DST定義,(NULL),time,x,y,w,h,acc,a,r,g,b,blend,filter,angle,center,loop,timer,op1,op2,op3
#DST_IMAGE,0,533,-24,7,24,28,0,255,255,255,255,1,0,0,0,766,0,0,0,0
#DST_IMAGE,0,766,-8,7,24,28,0,255,255,255,255,1,0,0,0,,,,,
,,,,,,,,,,,,,,,,,,,,
//左上黄色いの,,,,,,,,,,,,,,,,,,,,
//SRC定義,(NULL),gr,x,y,w,h,div_x,div_y,cycle,timer,op1,op2,op3,,,,,,,
#SRC_IMAGE,0,9,1300,480,24,28,1,1,0,0,0,0,0,,,,,,,
//DST定義,(NULL),time,x,y,w,h,acc,a,r,g,b,blend,filter,angle,center,loop,timer,op1,op2,op3
#DST_IMAGE,0,600,-24,37,24,28,0,255,255,255,255,1,0,0,0,833,0,0,0,0
#DST_IMAGE,0,833,-8,37,24,28,0,255,255,255,255,1,0,0,0,,,,,
,,,,,,,,,,,,,,,,,,,,
//左上赤いの,,,,,,,,,,,,,,,,,,,,
//SRC定義,(NULL),gr,x,y,w,h,div_x,div_y,cycle,timer,op1,op2,op3,,,,,,,
#SRC_IMAGE,0,9,1300,510,24,28,1,1,0,0,0,0,0,,,,,,,
//DST定義,(NULL),time,x,y,w,h,acc,a,r,g,b,blend,filter,angle,center,loop,timer,op1,op2,op3
#DST_IMAGE,0,716,-24,67,24,28,0,255,255,255,255,1,0,0,0,900,0,0,0,0
#DST_IMAGE,0,900,-8,67,24,28,0,255,255,255,255,1,0,0,0,,,,,
,,,,,,,,,,,,,,,,,,,,
//左上３つ点滅,,,,,,,,,,,,,,,,,,,,
//SRC定義,(NULL),gr,x,y,w,h,div_x,div_y,cycle,timer,op1,op2,op3,,,,,,,
#SRC_IMAGE,0,9,1300,540,20,24,1,1,0,0,0,0,0,,,,,,,
//DST定義,(NULL),time,x,y,w,h,acc,a,r,g,b,blend,filter,angle,center,loop,timer,op1,op2,op3
#DST_IMAGE,0,900,-6,9,20,24,0,255,255,255,255,1,0,0,0,-1,0,0,0,0
#DST_IMAGE,0,932,-6,9,20,24,0,255,255,255,255,1,0,0,0,,,,,
#DST_IMAGE,0,933,-6,39,20,24,0,255,255,255,255,1,0,0,0,,,,,
#DST_IMAGE,0,965,-6,39,20,24,0,255,255,255,255,1,0,0,0,,,,,
#DST_IMAGE,0,966,-6,69,20,24,0,255,255,255,255,1,0,0,0,,,,,
#DST_IMAGE,0,999,-6,69,20,24,0,255,255,255,255,1,0,0,0,,,,,
,,,,,,,,,,,,,,,,,,,,
"//""INFOMATION""",,,,,,,,,,,,,,,,,,,,
//SRC定義,(NULL),gr,x,y,w,h,div_x,div_y,cycle,timer,op1,op2,op3,,,,,,,
#SRC_IMAGE,0,0,315,280,171,26,1,1,0,0,0,0,0,,,,,,,
//DST定義,(NULL),time,x,y,w,h,acc,a,r,g,b,blend,filter,angle,center,loop,timer,op1,op2,op3
#DST_IMAGE,0,1033,88,94,171,26,0,10,255,255,255,1,0,0,0,1166,0,0,0,0
#DST_IMAGE,0,1166,74,94,171,26,0,255,255,255,255,1,0,0,0,,,,,
,,,,,,,,,,,,,,,,,,,,
//ボタン上,,,,,,,,,,,,,,,,,,,,
//SRC定義,(NULL),gr,x,y,w,h,div_x,div_y,cycle,timer,op1,op2,op3,,,,,,,
#SRC_IMAGE,0,0,0,440,22,23,1,1,0,0,0,0,0,,,,,,,
//DST定義,(NULL),time,x,y,w,h,acc,a,r,g,b,blend,filter,angle,center,loop,timer,op1,op2,op3
#DST_IMAGE,0,833,74,133,22,0,0,255,255,255,255,1,0,0,0,1000,0,0,0,0
#DST_IMAGE,0,1000,74,121,22,23,0,255,255,255,255,1,0,0,0,,,,,
,,,,,,,,,,,,,,,,,,,,
//ボタン下,,,,,,,,,,,,,,,,,,,,
//SRC定義,(NULL),gr,x,y,w,h,div_x,div_y,cycle,timer,op1,op2,op3,,,,,,,
#SRC_IMAGE,0,0,0,440,22,23,1,1,0,0,0,0,0,,,,,,,
//DST定義,(NULL),time,x,y,w,h,acc,a,r,g,b,blend,filter,angle,center,loop,timer,op1,op2,op3
#DST_IMAGE,0,833,74,156,22,0,0,255,255,255,255,1,0,0,0,1000,0,0,0,0
#DST_IMAGE,0,1000,74,144,22,23,0,255,255,255,255,1,0,0,0,,,,,
,,,,,,,,,,,,,,,,,,,,
//ボタンライト上,,,,,,,,,,,,,,,,,,,,
//SRC定義,(NULL),gr,x,y,w,h,div_x,div_y,cycle,timer,op1,op2,op3,,,,,,,
#SRC_IMAGE,0,0,22,440,40,40,1,1,0,0,0,0,0,,,,,,,
//DST定義,(NULL),time,x,y,w,h,acc,a,r,g,b,blend,filter,angle,center,loop,timer,op1,op2,op3
#DST_IMAGE,0,2000,64,111,40,40,0,255,255,255,255,1,0,0,0,2000,0,0,0,0
#DST_IMAGE,0,2516,64,111,40,40,0,255,255,255,255,1,0,0,0,,,,,
#DST_IMAGE,0,2517,64,111,40,40,0,0,255,255,255,1,0,0,0,,,,,
#DST_IMAGE,0,4000,64,111,40,40,0,0,255,255,255,1,0,0,0,,,,,
,,,,,,,,,,,,,,,,,,,,
//ボタンライト下,,,,,,,,,,,,,,,,,,,,
//SRC定義,(NULL),gr,x,y,w,h,div_x,div_y,cycle,timer,op1,op2,op3,,,,,,,
#SRC_IMAGE,0,0,22,440,40,40,1,1,0,0,0,0,0,,,,,,,
//DST定義,(NULL),time,x,y,w,h,acc,a,r,g,b,blend,filter,angle,center,loop,timer,op1,op2,op3
#DST_IMAGE,0,2000,64,134,40,40,0,255,255,255,255,1,0,0,0,2000,0,0,0,0
#DST_IMAGE,0,2516,64,134,40,40,0,255,255,255,255,1,0,0,0,,,,,
#DST_IMAGE,0,2517,64,134,40,40,0,0,255,255,255,1,0,0,0,,,,,
#DST_IMAGE,0,4000,64,134,40,40,0,0,255,255,255,1,0,0,0,,,,,
,,,,,,,,,,,,,,,,,,,,
,,,,,,,,,,,,,,,,,,,,
,,,,,,,,,,,,,,,,,,,,
,,,,,,,,,,,,,,,,,,,,
,,,,,,,,,,,,,,,,,,,,
,,,,,,,,,,,,,,,,,,,,
,,,,,,,,,,,,,,,,,,,,
//フェードイン2,,,,,,,,,,,,,,,,,,,,
//SRC定義,(NULL),gr,x,y,w,h,div_x,div_y,cycle,timer,op1,op2,op3,,,,,,,
#SRC_IMAGE,0,111,0,0,1,1,1,1,0,0,0,0,0,,,,,,,
//DST定義,(NULL),time,x,y,w,h,acc,a,r,g,b,blend,filter,angle,center,loop,timer,op1,op2,op3
#DST_IMAGE,0,0,0,0,1280,720,0,255,255,255,255,1,0,0,0,-1,0,0,0,0
#DST_IMAGE,0,300,0,0,1280,720,0,0,255,255,255,1,0,0,0,,,,,
,,,,,,,,,,,,,,,,,,,,
//TIMEREMAIN土台裏,,,,,,,,,,,,,,,,,,,,
//SRC定義,(NULL),gr,x,y,w,h,div_x,div_y,cycle,timer,op1,op2,op3,,,,,,,
#SRC_IMAGE,0,9,1100,250,326,181,1,1,0,0,0,0,0,,,,,,,
//DST定義,(NULL),time,x,y,w,h,acc,a,r,g,b,blend,filter,angle,center,loop,timer,op1,op2,op3
#DST_IMAGE,0,733,1280,3,326,181,0,200,255,255,255,1,1,0,0,966,0,0,0,0
#DST_IMAGE,0,866,1042,3,326,181,0,200,255,255,255,1,1,0,0,,,,,
#DST_IMAGE,0,933,964,3,326,181,0,200,255,255,255,1,1,0,0,,,,,
#DST_IMAGE,0,966,952,3,326,181,0,200,255,255,255,1,0,0,0,,,,,
,,,,,,,,,,,,,,,,,,,,
//TIMEREMAIN土台,,,,,,,,,,,,,,,,,,,,
//SRC定義,(NULL),gr,x,y,w,h,div_x,div_y,cycle,timer,op1,op2,op3,,,,,,,
#SRC_IMAGE,0,0,1500,0,570,1200,3,6,540,0,0,0,0,,,,,,,
//DST定義,(NULL),time,x,y,w,h,acc,a,r,g,b,blend,filter,angle,center,loop,timer,op1,op2,op3
#DST_IMAGE,0,0,1094,-2,190,200,0,255,255,255,255,1,0,0,0,-1,0,0,0,0
#DST_IMAGE,0,509,1094,-2,190,200,0,255,255,255,255,1,0,0,0,,,,,
//SRC定義,(NULL),gr,x,y,w,h,div_x,div_y,cycle,timer,op1,op2,op3,,,,,,,
#SRC_IMAGE,0,0,1690,1000,190,200,1,1,0,0,0,0,0,,,,,,,
//DST定義,(NULL),time,x,y,w,h,acc,a,r,g,b,blend,filter,angle,center,loop,timer,op1,op2,op3
#DST_IMAGE,0,510,1094,-2,190,200,0,255,255,255,255,0,0,0,0,500,0,0,0,0
,,,,,,,,,,,,,,,,,,,,
,,,,,,,,,,,,,,,,,,,,
,,,,,,,,,,,,,,,,,,,,
"//""Skin SELECT""",,,,,,,,,,,,,,,,,,,,
//SRC定義,(NULL),gr,x,y,w,h,div_x,div_y,cycle,timer,op1,op2,op3,,,,,,,
#SRC_IMAGE,0,1,658,825,268,51,1,1,0,0,0,0,0,,,,,,,
//DST定義,(NULL),time,x,y,w,h,acc,a,r,g,b,blend,filter,angle,center,loop,timer,op1,op2,op3
#DST_IMAGE,0,0,1251,331,268,51,0,255,255,255,255,1,0,0,0,983,0,0,0,0
#DST_IMAGE,0,316,475,331,268,51,0,255,255,255,255,1,0,0,0,,,,,
#DST_IMAGE,0,633,449,331,268,51,0,255,255,255,255,1,0,0,0,,,,,
#DST_IMAGE,0,749,-231,331,268,51,0,255,255,255,255,1,0,0,0,,,,,
#DST_IMAGE,0,750,-301,331,268,51,0,255,255,255,255,1,0,0,0,,,,,
#DST_IMAGE,0,782,-301,36,268,51,0,255,255,255,255,1,0,0,0,,,,,
#DST_IMAGE,0,783,-269,36,268,51,0,255,255,255,255,1,0,0,0,,,,,
#DST_IMAGE,0,933,37,36,268,51,0,255,255,255,255,1,0,0,0,,,,,
#DST_IMAGE,0,966,67,36,268,51,0,255,255,255,255,1,0,0,0,,,,,
#DST_IMAGE,0,983,73,36,268,51,0,255,255,255,255,1,0,0,0,,,,,
,,,,,,,,,,,,,,,,,,,,
"//""M""点滅",,,,,,,,,,,,,,,,,,,,
//SRC定義,(NULL),gr,x,y,w,h,div_x,div_y,cycle,timer,op1,op2,op3,,,,,,,
#SRC_IMAGE,0,1,926,856,32,42,1,1,0,0,0,0,0,,,,,,,
//DST定義,(NULL),time,x,y,w,h,acc,a,r,g,b,blend,filter,angle,center,loop,timer,op1,op2,op3
#DST_IMAGE,0,1000,79,41,32,42,0,150,255,255,255,1,0,0,0,-1,0,0,0,0
#DST_IMAGE,0,1032,79,41,32,42,0,150,255,255,255,1,0,0,0,,,,,
#DST_IMAGE,0,1033,79,41,32,42,0,0,255,255,255,1,0,0,0,,,,,
#DST_IMAGE,0,1065,79,41,32,42,0,0,255,255,255,1,0,0,0,,,,,
#DST_IMAGE,0,1066,79,41,32,42,0,150,255,255,255,1,0,0,0,,,,,
#DST_IMAGE,0,1099,79,41,32,42,0,150,255,255,255,1,0,0,0,,,,,
,,,,,,,,,,,,,,,,,,,,
"//""E","T""点滅",,,,,,,,,,,,,,,,,,,
//SRC定義,(NULL),gr,x,y,w,h,div_x,div_y,cycle,timer,op1,op2,op3,,,,,,,
#SRC_IMAGE,0,0,927,845,25,10,1,1,0,0,0,0,0,,,,,,,
//DST定義,(NULL),time,x,y,w,h,acc,a,r,g,b,blend,filter,angle,center,loop,timer,op1,op2,op3
#DST_IMAGE,0,1133,220,46,25,10,0,150,255,255,255,1,0,0,0,-1,0,1,0,0
#DST_IMAGE,0,1165,220,46,25,10,0,150,255,255,255,1,0,0,0,,,,,
#DST_IMAGE,0,1166,220,46,25,10,0,0,255,255,255,1,0,0,0,,,,,
#DST_IMAGE,0,1199,220,46,25,10,0,0,255,255,255,1,0,0,0,,,,,
#DST_IMAGE,0,1200,220,46,25,10,0,150,255,255,255,1,0,0,0,,,,,
#DST_IMAGE,0,1232,220,46,25,10,0,150,255,255,255,1,0,0,0,,,,,
#DST_IMAGE,0,1233,220,46,25,10,0,0,255,255,255,1,0,0,0,,,,,
#DST_IMAGE,0,1265,268,46,25,10,0,0,255,255,255,1,0,0,0,,,,,
#DST_IMAGE,0,1266,268,46,25,10,0,150,255,255,255,1,0,0,0,,,,,
#DST_IMAGE,0,1299,268,46,25,10,0,150,255,255,255,1,0,0,0,,,,,
#DST_IMAGE,0,1300,268,46,25,10,0,0,255,255,255,1,0,0,0,,,,,
#DST_IMAGE,0,1332,268,46,25,10,0,0,255,255,255,1,0,0,0,,,,,
#DST_IMAGE,0,1333,268,46,25,10,0,150,255,255,255,1,0,0,0,,,,,
#DST_IMAGE,0,1365,268,46,25,10,0,150,255,255,255,1,0,0,0,,,,,
#DST_IMAGE,0,1366,268,46,25,10,0,0,255,255,255,1,0,0,0,,,,,
#DST_IMAGE,0,1399,316,46,25,10,0,0,255,255,255,1,0,0,0,,,,,
#DST_IMAGE,0,1400,316,46,25,10,0,150,255,255,255,1,0,0,0,,,,,
#DST_IMAGE,0,1432,316,46,25,10,0,150,255,255,255,1,0,0,0,,,,,
#DST_IMAGE,0,1433,316,46,25,10,0,0,255,255,255,1,0,0,0,,,,,
#DST_IMAGE,0,1465,316,46,25,10,0,0,255,255,255,1,0,0,0,,,,,
#DST_IMAGE,0,1466,316,46,25,10,0,150,255,255,255,1,0,0,0,,,,,
#DST_IMAGE,0,1499,316,46,25,10,0,150,255,255,255,1,0,0,0,,,,,
,,,,,,,,,,,,,,,,,,,,
,,,,,,,,,,,,,,,,,,,,
,,,,,,,,,,,,,,,,,,,,
,,,,,,,,,,,,,,,,,,,,
,,,,,,,,,,,,,,,,,,,,
,,,,,,,,,,,,,,,,,,,,
,,,,,,,,,,,,,,,,,,,,
"//""_""",,,,,,,,,,,,,,,,,,,,
//SRC定義,(NULL),gr,x,y,w,h,div_x,div_y,cycle,timer,op1,op2,op3,,,,,,,
#SRC_IMAGE,0,1,927,825,72,16,2,1,66,0,0,0,0,,,,,,,
//DST定義,(NULL),time,x,y,w,h,acc,a,r,g,b,blend,filter,angle,center,loop,timer,op1,op2,op3
#DST_IMAGE,0,0,1521,364,36,16,0,255,255,255,255,1,0,0,0,983,0,0,0,0
#DST_IMAGE,0,316,745,364,36,16,0,255,255,255,255,1,0,0,0,,,,,
#DST_IMAGE,0,633,719,364,36,16,0,255,255,255,255,1,0,0,0,,,,,
#DST_IMAGE,0,749,39,364,36,16,0,255,255,255,255,1,0,0,0,,,,,
#DST_IMAGE,0,750,-51,364,36,16,0,255,255,255,255,1,0,0,0,,,,,
#DST_IMAGE,0,782,-51,69,36,16,0,255,255,255,255,1,0,0,0,,,,,
#DST_IMAGE,0,783,1,69,36,16,0,255,255,255,255,1,0,0,0,,,,,
#DST_IMAGE,0,933,307,69,36,16,0,255,255,255,255,1,0,0,0,,,,,
#DST_IMAGE,0,966,337,69,36,16,0,255,255,255,255,1,0,0,0,,,,,
#DST_IMAGE,0,983,343,69,36,16,0,255,255,255,255,1,0,0,0,,,,,
,,,,,,,,,,,,,,,,,,,,
//EXTRA BUTTON START,,,,,,,,,,,,,,,,,,,,
//SRC定義,(NULL),gr,x,y,w,h,div_x,div_y,cycle,timer,op1,op2,op3,,,,,,,
#SRC_IMAGE,0,1,658,1030,89,27,1,1,0,0,0,0,0,,,,,,,
//DST定義,(NULL),time,x,y,w,h,acc,a,r,g,b,blend,filter,angle,center,loop,timer,op1,op1,op3
#DST_IMAGE,0,350,1144,79,89,27,0,0,255,255,255,1,0,0,0,-1,0,0,0,0
#DST_IMAGE,0,500,1144,79,89,27,0,100,255,255,255,1,0,0,0,,,,,
#DST_IMAGE,0,616,1144,79,89,27,0,100,255,255,255,1,0,0,0,,,,,
#DST_IMAGE,0,650,1144,79,89,27,0,255,255,255,255,1,0,0,0,,,,,
#DST_IMAGE,0,683,1144,79,89,27,0,100,255,255,255,1,0,0,0,,,,,
#DST_IMAGE,0,716,1144,79,89,27,0,255,255,255,255,1,0,0,0,,,,,
#DST_IMAGE,0,750,1144,79,89,27,0,100,255,255,255,1,0,0,0,,,,,
#DST_IMAGE,0,783,1144,79,89,27,0,255,255,255,255,1,0,0,0,,,,,
#DST_IMAGE,0,816,1144,79,89,27,0,100,255,255,255,1,0,0,0,,,,,
#DST_IMAGE,0,850,1144,79,89,27,0,255,255,255,255,1,0,0,0,,,,,
#DST_IMAGE,0,883,1144,79,89,27,0,100,255,255,255,1,0,0,0,,,,,
#DST_IMAGE,0,916,1144,79,89,27,0,255,255,255,255,1,0,0,0,,,,,
#DST_IMAGE,0,950,1144,79,89,27,0,100,255,255,255,1,0,0,0,,,,,
#DST_IMAGE,0,983,1144,79,89,27,0,255,255,255,255,1,0,0,0,,,,,
#DST_IMAGE,0,1000,1144,79,89,27,0,255,255,255,255,1,0,0,0,,,,,
,,,,,,,,,,,,,,,,,,,,
//EXTRA LABEL,,,,,,,,,,,,,,,,,,,,
//SRC定義,(NULL),gr,x,y,w,h,div_x,div_y,cycle,timer,op1,op2,op3,,,,,,,
#SRC_IMAGE,0,1,658,1030,89,27,1,1,0,0,0,0,0,,,,,,,
//DST定義,(NULL),time,x,y,w,h,acc,a,r,g,b,blend,filter,angle,center,loop,timer,op1,op2,op3
#DST_IMAGE,0,1000,1144,79,89,27,0,255,255,255,255,1,0,0,0,1000,0,0,0,0
,,,,,,,,,,,,,,,,,,,,
//ONMOUSE,,,,,,,,,,,,,,,,,,,,
//EXTRA LABEL,,,,,,,,,,,,,,,,,,,,
//SRC定義,(NULL),gr,x,y,w,h,div_x,div_y,cycle,timer,panel,x2,y2,w2,h2,,,,,
#SRC_ONMOUSE,0,1,658,1030,89,27,1,1,0,0,0,0,0,89,27,,,,,
//DST定義,(NULL),time,x,y,w,h,acc,a,r,g,b,blend,filter,angle,center,loop,timer,op1,op2,op3
#DST_ONMOUSE,0,0,1144,79,89,27,0,128,255,255,255,2,0,0,0,0,0,0,0,0
,,,,,,,,,,,,,,,,,,,,
,,,,,,,,,,,,,,,,,,,,
,,,,,,,,,,,,,,,,,,,,
"//""THE ULTIMATE SYSTEM...""1",,,,,,,,,,,,,,,,,,,,
//SRC定義,(NULL),gr,x,y,w,h,div_x,div_y,cycle,timer,op1,op2,op3,,,,,,,
#SRC_IMAGE,0,0,0,1100,18,10,1,1,0,0,0,0,0,,,,,,,
//DST定義,(NULL),time,x,y,w,h,acc,a,r,g,b,blend,filter,angle,center,loop,timer,op1,op2,op3
#DST_IMAGE,0,16,490,382,18,10,0,255,255,255,255,1,0,0,0,-1,0,0,0,0
#DST_IMAGE,0,282,490,382,18,10,0,255,255,255,255,1,0,0,0,,,,,
,,,,,,,,,,,,,,,,,,,,
"//""THE ULTIMATE SYSTEM...""2",,,,,,,,,,,,,,,,,,,,
//SRC定義,(NULL),gr,x,y,w,h,div_x,div_y,cycle,timer,op1,op2,op3,,,,,,,
#SRC_IMAGE,0,0,18,1100,20,10,1,1,0,0,0,0,0,,,,,,,
//DST定義,(NULL),time,x,y,w,h,acc,a,r,g,b,blend,filter,angle,center,loop,timer,op1,op2,op3
#DST_IMAGE,0,33,508,382,20,10,0,255,255,255,255,1,0,0,0,-1,0,0,0,0
#DST_IMAGE,0,282,508,382,20,10,0,255,255,255,255,1,0,0,0,,,,,
,,,,,,,,,,,,,,,,,,,,
"//""THE ULTIMATE SYSTEM...""3",,,,,,,,,,,,,,,,,,,,
//SRC定義,(NULL),gr,x,y,w,h,div_x,div_y,cycle,timer,op1,op2,op3,,,,,,,
#SRC_IMAGE,0,0,38,1100,18,10,1,1,0,0,0,0,0,,,,,,,
//DST定義,(NULL),time,x,y,w,h,acc,a,r,g,b,blend,filter,angle,center,loop,timer,op1,op2,op3
#DST_IMAGE,0,50,528,382,18,10,0,255,255,255,255,1,0,0,0,-1,0,0,0,0
#DST_IMAGE,0,282,528,382,18,10,0,255,255,255,255,1,0,0,0,,,,,
,,,,,,,,,,,,,,,,,,,,
"//""THE ULTIMATE SYSTEM...""4",,,,,,,,,,,,,,,,,,,,
//SRC定義,(NULL),gr,x,y,w,h,div_x,div_y,cycle,timer,op1,op2,op3,,,,,,,
#SRC_IMAGE,0,0,56,1100,20,10,1,1,0,0,0,0,0,,,,,,,
//DST定義,(NULL),time,x,y,w,h,acc,a,r,g,b,blend,filter,angle,center,loop,timer,op1,op2,op3
#DST_IMAGE,0,66,546,382,20,10,0,255,255,255,255,1,0,0,0,-1,0,0,0,0
#DST_IMAGE,0,282,546,382,20,10,0,255,255,255,255,1,0,0,0,,,,,
,,,,,,,,,,,,,,,,,,,,
"//""THE ULTIMATE SYSTEM...""5",,,,,,,,,,,,,,,,,,,,
//SRC定義,(NULL),gr,x,y,w,h,div_x,div_y,cycle,timer,op1,op2,op3,,,,,,,
#SRC_IMAGE,0,0,76,1100,18,10,1,1,0,0,0,0,0,,,,,,,
//DST定義,(NULL),time,x,y,w,h,acc,a,r,g,b,blend,filter,angle,center,loop,timer,op1,op2,op3
#DST_IMAGE,0,83,566,382,18,10,0,255,255,255,255,1,0,0,0,-1,0,0,0,0
#DST_IMAGE,0,282,566,382,18,10,0,255,255,255,255,1,0,0,0,,,,,
,,,,,,,,,,,,,,,,,,,,
"//""THE ULTIMATE SYSTEM...""6",,,,,,,,,,,,,,,,,,,,
//SRC定義,(NULL),gr,x,y,w,h,div_x,div_y,cycle,timer,op1,op2,op3,,,,,,,
#SRC_IMAGE,0,0,94,1100,20,10,1,1,0,0,0,0,0,,,,,,,
//DST定義,(NULL),time,x,y,w,h,acc,a,r,g,b,blend,filter,angle,center,loop,timer,op1,op2,op3
#DST_IMAGE,0,100,584,382,20,10,0,255,255,255,255,1,0,0,0,-1,0,0,0,0
#DST_IMAGE,0,282,584,382,20,10,0,255,255,255,255,1,0,0,0,,,,,
,,,,,,,,,,,,,,,,,,,,
"//""THE ULTIMATE SYSTEM...""7",,,,,,,,,,,,,,,,,,,,
//SRC定義,(NULL),gr,x,y,w,h,div_x,div_y,cycle,timer,op1,op2,op3,,,,,,,
#SRC_IMAGE,0,0,114,1100,18,10,1,1,0,0,0,0,0,,,,,,,
//DST定義,(NULL),time,x,y,w,h,acc,a,r,g,b,blend,filter,angle,center,loop,timer,op1,op2,op3
#DST_IMAGE,0,116,604,382,18,10,0,255,255,255,255,1,0,0,0,-1,0,0,0,0
#DST_IMAGE,0,282,604,382,18,10,0,255,255,255,255,1,0,0,0,,,,,
,,,,,,,,,,,,,,,,,,,,
"//""THE ULTIMATE SYSTEM...""8",,,,,,,,,,,,,,,,,,,,
//SRC定義,(NULL),gr,x,y,w,h,div_x,div_y,cycle,timer,op1,op2,op3,,,,,,,
#SRC_IMAGE,0,0,132,1100,20,10,1,1,0,0,0,0,0,,,,,,,
//DST定義,(NULL),time,x,y,w,h,acc,a,r,g,b,blend,filter,angle,center,loop,timer,op1,op2,op3
#DST_IMAGE,0,133,622,382,20,10,0,255,255,255,255,1,0,0,0,-1,0,0,0,0
#DST_IMAGE,0,282,622,382,20,10,0,255,255,255,255,1,0,0,0,,,,,
,,,,,,,,,,,,,,,,,,,,
"//""THE ULTIMATE SYSTEM...""9",,,,,,,,,,,,,,,,,,,,
//SRC定義,(NULL),gr,x,y,w,h,div_x,div_y,cycle,timer,op1,op2,op3,,,,,,,
#SRC_IMAGE,0,0,152,1100,18,10,1,1,0,0,0,0,0,,,,,,,
//DST定義,(NULL),time,x,y,w,h,acc,a,r,g,b,blend,filter,angle,center,loop,timer,op1,op2,op3
#DST_IMAGE,0,150,642,382,18,10,0,255,255,255,255,1,0,0,0,-1,0,0,0,0
#DST_IMAGE,0,282,642,382,18,10,0,255,255,255,255,1,0,0,0,,,,,
,,,,,,,,,,,,,,,,,,,,
"//""THE ULTIMATE SYSTEM...""10",,,,,,,,,,,,,,,,,,,,
//SRC定義,(NULL),gr,x,y,w,h,div_x,div_y,cycle,timer,op1,op2,op3,,,,,,,
#SRC_IMAGE,0,0,170,1100,20,10,1,1,0,0,0,0,0,,,,,,,
//DST定義,(NULL),time,x,y,w,h,acc,a,r,g,b,blend,filter,angle,center,loop,timer,op1,op2,op3
#DST_IMAGE,0,166,660,382,20,10,0,255,255,255,255,1,0,0,0,-1,0,0,0,0
#DST_IMAGE,0,282,660,382,20,10,0,255,255,255,255,1,0,0,0,,,,,
,,,,,,,,,,,,,,,,,,,,
"//""THE ULTIMATE SYSTEM...""11",,,,,,,,,,,,,,,,,,,,
//SRC定義,(NULL),gr,x,y,w,h,div_x,div_y,cycle,timer,op1,op2,op3,,,,,,,
#SRC_IMAGE,0,0,190,1100,18,10,1,1,0,0,0,0,0,,,,,,,
//DST定義,(NULL),time,x,y,w,h,acc,a,r,g,b,blend,filter,angle,center,loop,timer,op1,op2,op3
#DST_IMAGE,0,183,680,382,18,10,0,255,255,255,255,1,0,0,0,-1,0,0,0,0
#DST_IMAGE,0,282,680,382,18,10,0,255,255,255,255,1,0,0,0,,,,,
,,,,,,,,,,,,,,,,,,,,
"//""THE ULTIMATE SYSTEM...""12",,,,,,,,,,,,,,,,,,,,
//SRC定義,(NULL),gr,x,y,w,h,div_x,div_y,cycle,timer,op1,op2,op3,,,,,,,
#SRC_IMAGE,0,0,208,1100,20,10,1,1,0,0,0,0,0,,,,,,,
//DST定義,(NULL),time,x,y,w,h,acc,a,r,g,b,blend,filter,angle,center,loop,timer,op1,op2,op3
#DST_IMAGE,0,200,698,382,20,10,0,255,255,255,255,1,0,0,0,-1,0,0,0,0
#DST_IMAGE,0,282,698,382,20,10,0,255,255,255,255,1,0,0,0,,,,,
,,,,,,,,,,,,,,,,,,,,
"//""THE ULTIMATE SYSTEM...""13",,,,,,,,,,,,,,,,,,,,
//SRC定義,(NULL),gr,x,y,w,h,div_x,div_y,cycle,timer,op1,op2,op3,,,,,,,
#SRC_IMAGE,0,0,228,1100,18,10,1,1,0,0,0,0,0,,,,,,,
//DST定義,(NULL),time,x,y,w,h,acc,a,r,g,b,blend,filter,angle,center,loop,timer,op1,op2,op3
#DST_IMAGE,0,216,718,382,18,10,0,255,255,255,255,1,0,0,0,-1,0,0,0,0
#DST_IMAGE,0,282,718,382,18,10,0,255,255,255,255,1,0,0,0,,,,,
,,,,,,,,,,,,,,,,,,,,
"//""THE ULTIMATE SYSTEM...""14",,,,,,,,,,,,,,,,,,,,
//SRC定義,(NULL),gr,x,y,w,h,div_x,div_y,cycle,timer,op1,op2,op3,,,,,,,
#SRC_IMAGE,0,0,246,1100,20,10,1,1,0,0,0,0,0,,,,,,,
//DST定義,(NULL),time,x,y,w,h,acc,a,r,g,b,blend,filter,angle,center,loop,timer,op1,op2,op3
#DST_IMAGE,0,233,736,382,20,10,0,255,255,255,255,1,0,0,0,-1,0,0,0,0
#DST_IMAGE,0,282,736,382,20,10,0,255,255,255,255,1,0,0,0,,,,,
,,,,,,,,,,,,,,,,,,,,
"//""THE ULTIMATE SYSTEM...""15",,,,,,,,,,,,,,,,,,,,
//SRC定義,(NULL),gr,x,y,w,h,div_x,div_y,cycle,timer,op1,op2,op3,,,,,,,
#SRC_IMAGE,0,0,266,1100,18,10,1,1,0,0,0,0,0,,,,,,,
//DST定義,(NULL),time,x,y,w,h,acc,a,r,g,b,blend,filter,angle,center,loop,timer,op1,op2,op3
#DST_IMAGE,0,250,756,382,18,10,0,255,255,255,255,1,0,0,0,-1,0,0,0,0
#DST_IMAGE,0,282,756,382,18,10,0,255,255,255,255,1,0,0,0,,,,,
,,,,,,,,,,,,,,,,,,,,
"//""THE ULTIMATE SYSTEM...""16",,,,,,,,,,,,,,,,,,,,
//SRC定義,(NULL),gr,x,y,w,h,div_x,div_y,cycle,timer,op1,op2,op3,,,,,,,
#SRC_IMAGE,0,0,284,1100,20,10,1,1,0,0,0,0,0,,,,,,,
//DST定義,(NULL),time,x,y,w,h,acc,a,r,g,b,blend,filter,angle,center,loop,timer,op1,op2,op3
#DST_IMAGE,0,266,490,382,20,10,0,255,255,255,255,1,0,0,0,-1,0,0,0,0
#DST_IMAGE,0,282,490,382,20,10,0,255,255,255,255,1,0,0,0,,,,,
,,,,,,,,,,,,,,,,,,,,
"//""THE ULTIMATE SYSTEM...""点滅",,,,,,,,,,,,,,,,,,,,
//SRC定義,(NULL),gr,x,y,w,h,div_x,div_y,cycle,timer,op1,op2,op3,,,,,,,
#SRC_IMAGE,0,0,0,1100,304,10,1,1,0,0,0,0,0,,,,,,,
//DST定義,(NULL),time,x,y,w,h,acc,a,r,g,b,blend,filter,angle,center,loop,timer,op1,op2,op3
#DST_IMAGE,0,316,490,382,304,10,0,255,255,255,255,1,0,0,0,-1,0,0,0,0
#DST_IMAGE,0,349,490,382,304,10,0,255,255,255,255,1,0,0,0,,,,,
#DST_IMAGE,0,350,490,382,304,10,0,0,255,255,255,1,0,0,0,,,,,
#DST_IMAGE,0,382,490,382,304,10,0,0,255,255,255,1,0,0,0,,,,,
#DST_IMAGE,0,383,490,382,304,10,0,255,255,255,255,1,0,0,0,,,,,
#DST_IMAGE,0,415,490,382,304,10,0,255,255,255,255,1,0,0,0,,,,,
#DST_IMAGE,0,416,490,382,304,10,0,0,255,255,255,1,0,0,0,,,,,
#DST_IMAGE,0,449,490,382,304,10,0,0,255,255,255,1,0,0,0,,,,,
#DST_IMAGE,0,450,490,382,304,10,0,255,255,255,255,1,0,0,0,,,,,
#DST_IMAGE,0,482,490,382,304,10,0,255,255,255,255,1,0,0,0,,,,,
#DST_IMAGE,0,483,490,382,304,10,0,0,255,255,255,1,0,0,0,,,,,
#DST_IMAGE,0,515,490,382,304,10,0,0,255,255,255,1,0,0,0,,,,,
#DST_IMAGE,0,516,490,382,304,10,0,255,255,255,255,1,0,0,0,,,,,
#DST_IMAGE,0,549,490,382,304,10,0,255,255,255,255,1,0,0,0,,,,,
#DST_IMAGE,0,550,490,382,304,10,0,0,255,255,255,1,0,0,0,,,,,
#DST_IMAGE,0,582,490,382,304,10,0,0,255,255,255,1,0,0,0,,,,,
#DST_IMAGE,0,583,490,382,304,10,0,255,255,255,255,1,0,0,0,,,,,
#DST_IMAGE,0,615,490,382,304,10,0,255,255,255,255,1,0,0,0,,,,,
#DST_IMAGE,0,616,490,382,304,10,0,0,255,255,255,1,0,0,0,,,,,
#DST_IMAGE,0,649,490,382,304,10,0,0,255,255,255,1,0,0,0,,,,,
#DST_IMAGE,0,650,490,382,304,10,0,255,255,255,255,1,0,0,0,,,,,
#DST_IMAGE,0,682,490,382,304,10,0,255,255,255,255,1,0,0,0,,,,,
#DST_IMAGE,0,683,490,382,304,10,0,0,255,255,255,1,0,0,0,,,,,
#DST_IMAGE,0,715,490,382,304,10,0,0,255,255,255,1,0,0,0,,,,,
#DST_IMAGE,0,716,490,382,304,10,0,255,255,255,255,1,0,0,0,,,,,
#DST_IMAGE,0,749,490,382,304,10,0,255,255,255,255,1,0,0,0,,,,,
#DST_IMAGE,0,750,490,382,304,10,0,0,255,255,255,1,0,0,0,,,,,
,,,,,,,,,,,,,,,,,,,,
//END OF BG BLOCK/////////////////////////////////////,,,,,,,,,,,,,,,,,,,,
,,,,,,,,,,,,,,,,,,,,
//SKIN TITLE,,,,,,,,,,,,,,,,,,,,
//SRC定義,(NULL),font,st,align,edit,panel,,,,,,,,,,,,,,
#SRC_TEXT,0,0,50,0,0,0,,,,,,,,,,,,,,
//DST定義,(NULL),time,x,y,w,h,acc,a,r,g,b,blend,filter,angle,center,loop,timer,op1,op2,op3
#DST_TEXT,0,1033,93,112,1000,40,0,0,255,255,255,1,1,0,0,1166,0,0,0,0
#DST_TEXT,0,1166,93,112,1000,40,0,255,255,255,255,1,1,0,0,,,,,
,,,,,,,,,,,,,,,,,,,,
//SKIN AUTHOR,,,,,,,,,,,,,,,,,,,,
//SRC定義,(NULL),font,st,align,edit,panel,,,,,,,,,,,,,,
#SRC_TEXT,0,1,51,0,0,0,,,,,,,,,,,,,,
//DST定義,(NULL),time,x,y,w,h,acc,a,r,g,b,blend,filter,angle,center,loop,timer,op1,op2,op3
#DST_TEXT,0,1033,93,135,1000,40,0,0,255,255,255,1,1,0,0,1166,0,0,0,0
#DST_TEXT,0,1166,93,135,1000,40,0,255,255,255,255,1,1,0,0,,,,,
,,,,,,,,,,,,,,,,,,,,
,,,,,,,,,,,,,,,,,,,,
,,,,,,,,,,,,,,,,,,,,
,,,,,,,,,,,,,,,,,,,,
,,,,,,,,,,,,,,,,,,,,
,,,,,,,,,,,,,,,,,,,,
,,,,,,,,,,,,,,,,,,,,
,,,,,,,,,,,,,,,,,,,,
,,,,,,,,,,,,,,,,,,,,
,,,,,,,,,,,,,,,,,,,,
,,,,,,,,,,,,,,,,,,,,
,,,,,,,,,,,,,,,,,,,,
,,,,,,,,,,,,,,,,,,,,
,,,,,,,,,,,,,,,,,,,,
,,,,,,,,,,,,,,,,,,,,
,,,,,,,,,,,,,,,,,,,,
,,,,,,,,,,,,,,,,,,,,
,,,,,,,,,,,,,,,,,,,,
//マウスカーソル,,,,,,,,,,,,,,,,,,,,
//SRC定義,(NULL),gr,x,y,w,h,div_x,div_y,cycle,timer,,,,,,,,,,
#SRC_MOUSECURSOR,0,0,530,280,30,22,1,1,500,0,,,,,,,,,,
//DST定義,(NULL),time,x,y,w,h,acc,a,r,g,b,blend,filter,angle,center,loop,timer,op1,op2,op3
#DST_MOUSECURSOR,0,800,0,0,30,22,0,0,255,255,255,1,0,0,0,1000,0,0,0,0
#DST_MOUSECURSOR,0,1000,0,0,30,22,0,255,255,255,255,1,0,0,0,,,,,
,,,,,,,,,,,,,,,,,,,,
//フェードアウト,,,,,,,,,,,,,,,,,,,,
//SRC定義,(NULL),gr,x,y,w,h,div_x,div_y,cycle,timer,op1,op2,op3,,,,,,,
#SRC_IMAGE,0,110,0,0,1,1,1,1,0,2,0,0,0,,,,,,,
//DST定義,(NULL),time,x,y,w,h,acc,a,r,g,b,blend,filter,angle,center,loop,timer,op1,op2,op3
#DST_IMAGE,0,0,0,0,1280,720,0,0,255,255,255,1,0,0,0,500,2,0,0,0
#DST_IMAGE,0,500,0,0,1280,720,0,255,255,255,255,1,0,0,0,,,,,
,,,,,,,,,,,,,,,,,,,,
///////////////////////////////////////,,,,,,,,,,,,,,,,,,,,
//NETWORK ON,,,,,,,,,,,,,,,,,,,,
//SRC定義,(NULL),gr,x,y,w,h,div_x,div_y,cycle,timer,op1,op2,op3,,,,,,,
#SRC_IMAGE,0,0,1070,515,173,18,1,1,0,0,0,0,0,,,,,,,
//DST定義,(NULL),time,x,y,w,h,acc,a,r,g,b,blend,filter,angle,center,loop,timer,op1,op2,op3
#DST_IMAGE,0,0,1108,696,173,18,0,255,255,255,255,0,0,0,0,0,0,51,0,0
#DST_IMAGE,0,0,1108,696,173,18,0,255,255,255,255,0,0,0,0,,,,,
,,,,,,,,,,,,,,,,,,,,
//NETWORK OFF,,,,,,,,,,,,,,,,,,,,
//SRC定義,(NULL),gr,x,y,w,h,div_x,div_y,cycle,timer,op1,op2,op3,,,,,,,
#SRC_IMAGE,0,0,1070,535,182,18,1,1,0,0,0,0,0,,,,,,,
//DST定義,(NULL),time,x,y,w,h,acc,a,r,g,b,blend,filter,angle,center,loop,timer,op1,op2,op3
#DST_IMAGE,0,0,1108,696,182,18,0,255,255,255,255,0,0,0,0,0,0,50,0,0
#DST_IMAGE,0,0,1108,696,182,18,0,255,255,255,255,0,0,0,0,,,,,
